# Fox with MTL base colors baked as OBJ vertex colors
v 0.154208 2.345795 -0.399591 0.373758 0.136381 0.044744
v -0.000000 2.380098 -0.398114 0.373758 0.136381 0.044744
v -0.000000 2.365164 -0.112676 0.373758 0.136381 0.044744
v 0.152850 2.331134 -0.124706 0.373758 0.136381 0.044744
f 1 2 3 4
v 0.154208 2.345795 -0.399591 0.373758 0.136381 0.044744
v 0.152850 2.331134 -0.124706 0.373758 0.136381 0.044744
v 0.231054 2.249961 -0.128843 0.373758 0.136381 0.044744
v 0.245393 2.252309 -0.404628 0.373758 0.136381 0.044744
f 5 6 7 8
v 0.341997 2.064963 -0.135855 0.373758 0.136381 0.044744
v 0.368879 1.873302 -0.065483 0.373758 0.136381 0.044744
v 0.455730 1.781771 -0.227917 0.373758 0.136381 0.044744
v 0.398435 1.939148 -0.288378 0.373758 0.136381 0.044744
f 9 10 11 12
v 0.098943 2.282201 -0.749453 0.373758 0.136381 0.044744
v 0.154208 2.345795 -0.399591 0.373758 0.136381 0.044744
v 0.245393 2.252309 -0.404628 0.373758 0.136381 0.044744
v 0.211257 2.194582 -0.743660 0.373758 0.136381 0.044744
f 13 14 15 16
v 0.292330 2.067941 0.076729 0.373758 0.136381 0.044744
v 0.339860 1.913615 0.090110 0.373758 0.136381 0.044744
v 0.368879 1.873302 -0.065483 0.373758 0.136381 0.044744
v 0.341997 2.064963 -0.135855 0.373758 0.136381 0.044744
f 17 18 19 20
v 0.292330 2.067941 0.076729 0.373758 0.136381 0.044744
v 0.341997 2.064963 -0.135855 0.373758 0.136381 0.044744
v 0.231054 2.249961 -0.128843 0.373758 0.136381 0.044744
v 0.225233 2.239573 0.062546 0.373758 0.136381 0.044744
f 21 22 23 24
v 0.154728 2.311932 0.068979 0.373758 0.136381 0.044744
v 0.141067 2.279530 0.324307 0.373758 0.136381 0.044744
v 0.219359 2.211954 0.316332 0.373758 0.136381 0.044744
v 0.225233 2.239573 0.062546 0.373758 0.136381 0.044744
f 25 26 27 28
v 0.293505 2.065411 0.337428 0.373758 0.136381 0.044744
v 0.292330 2.067941 0.076729 0.373758 0.136381 0.044744
v 0.225233 2.239573 0.062546 0.373758 0.136381 0.044744
v 0.219359 2.211954 0.316332 0.373758 0.136381 0.044744
f 29 30 31 32
v 0.293505 2.065411 0.337428 0.373758 0.136381 0.044744
v 0.350257 1.883510 0.368165 0.373758 0.136381 0.044744
v 0.339860 1.913615 0.090110 0.373758 0.136381 0.044744
v 0.292330 2.067941 0.076729 0.373758 0.136381 0.044744
f 33 34 35 36
v 0.154728 2.311932 0.068979 0.373758 0.136381 0.044744
v 0.152850 2.331134 -0.124706 0.373758 0.136381 0.044744
v -0.000000 2.365164 -0.112676 0.373758 0.136381 0.044744
v -0.000000 2.337813 0.078319 0.373758 0.136381 0.044744
f 37 38 39 40
v 0.141067 2.279530 0.324307 0.373758 0.136381 0.044744
v 0.154728 2.311932 0.068979 0.373758 0.136381 0.044744
v -0.000000 2.337813 0.078319 0.373758 0.136381 0.044744
v -0.000000 2.308792 0.331795 0.373758 0.136381 0.044744
f 41 42 43 44
v 0.154728 2.311932 0.068979 0.373758 0.136381 0.044744
v 0.225233 2.239573 0.062546 0.373758 0.136381 0.044744
v 0.231054 2.249961 -0.128843 0.373758 0.136381 0.044744
v 0.152850 2.331134 -0.124706 0.373758 0.136381 0.044744
f 45 46 47 48
v 0.344230 2.017339 0.872416 0.373758 0.136381 0.044744
v 0.421272 1.799769 0.906983 0.373758 0.136381 0.044744
v 0.375711 1.814161 0.729669 0.373758 0.136381 0.044744
v 0.320049 2.052025 0.620362 0.373758 0.136381 0.044744
f 49 50 51 52
v 0.136075 2.256398 0.581240 0.373758 0.136381 0.044744
v 0.235291 2.181418 0.582030 0.373758 0.136381 0.044744
v 0.219359 2.211954 0.316332 0.373758 0.136381 0.044744
v 0.141067 2.279530 0.324307 0.373758 0.136381 0.044744
f 53 54 55 56
v 0.140659 2.224020 1.011414 0.373758 0.136381 0.044744
v 0.143172 2.220632 1.205173 0.373758 0.136381 0.044744
v 0.217391 2.152187 1.217902 0.373758 0.136381 0.044744
v 0.272918 2.149798 1.017692 0.373758 0.136381 0.044744
f 57 58 59 60
v 0.143172 2.220632 1.205173 0.373758 0.136381 0.044744
v 0.005845 2.263888 1.199984 0.373758 0.136381 0.044744
v 0.026066 2.315606 1.509584 0.373758 0.136381 0.044744
v 0.135525 2.281392 1.506220 0.373758 0.136381 0.044744
f 61 62 63 64
v 0.143172 2.220632 1.205173 0.373758 0.136381 0.044744
v 0.135525 2.281392 1.506220 0.373758 0.136381 0.044744
v 0.243229 2.191232 1.502133 0.373758 0.136381 0.044744
v 0.217391 2.152187 1.217902 0.373758 0.136381 0.044744
f 65 66 67 68
v 0.320049 2.052025 0.620362 0.373758 0.136381 0.044744
v 0.293505 2.065411 0.337428 0.373758 0.136381 0.044744
v 0.219359 2.211954 0.316332 0.373758 0.136381 0.044744
v 0.235291 2.181418 0.582030 0.373758 0.136381 0.044744
f 69 70 71 72
v 0.139192 2.241595 0.836975 0.373758 0.136381 0.044744
v 0.229371 2.165909 0.846834 0.373758 0.136381 0.044744
v 0.235291 2.181418 0.582030 0.373758 0.136381 0.044744
v 0.136075 2.256398 0.581240 0.373758 0.136381 0.044744
f 73 74 75 76
v 0.344230 2.017339 0.872416 0.373758 0.136381 0.044744
v 0.320049 2.052025 0.620362 0.373758 0.136381 0.044744
v 0.235291 2.181418 0.582030 0.373758 0.136381 0.044744
v 0.229371 2.165909 0.846834 0.373758 0.136381 0.044744
f 77 78 79 80
v 0.320049 2.052025 0.620362 0.373758 0.136381 0.044744
v 0.375711 1.814161 0.729669 0.373758 0.136381 0.044744
v 0.350257 1.883510 0.368165 0.373758 0.136381 0.044744
v 0.293505 2.065411 0.337428 0.373758 0.136381 0.044744
f 81 82 83 84
v 0.139192 2.241595 0.836975 0.373758 0.136381 0.044744
v 0.136075 2.256398 0.581240 0.373758 0.136381 0.044744
v -0.000218 2.290880 0.583211 0.373758 0.136381 0.044744
v -0.000751 2.280979 0.833381 0.373758 0.136381 0.044744
f 85 86 87 88
v 0.135525 2.281392 1.506220 0.373758 0.136381 0.044744
v 0.194210 2.350245 1.684292 0.373758 0.136381 0.044744
v 0.319636 2.262724 1.697479 0.373758 0.136381 0.044744
v 0.243229 2.191232 1.502133 0.373758 0.136381 0.044744
f 89 90 91 92
v 0.140659 2.224020 1.011414 0.373758 0.136381 0.044744
v -0.001147 2.278127 1.006567 0.373758 0.136381 0.044744
v 0.005845 2.263888 1.199984 0.373758 0.136381 0.044744
v 0.143172 2.220632 1.205173 0.373758 0.136381 0.044744
f 93 94 95 96
v 0.373059 2.006023 1.040713 0.373758 0.136381 0.044744
v 0.317044 2.011941 1.233192 0.373758 0.136381 0.044744
v 0.377436 1.819189 1.251426 0.373758 0.136381 0.044744
v 0.416865 1.786885 1.074730 0.373758 0.136381 0.044744
f 97 98 99 100
v 0.317044 2.011941 1.233192 0.373758 0.136381 0.044744
v 0.217391 2.152187 1.217902 0.373758 0.136381 0.044744
v 0.243229 2.191232 1.502133 0.373758 0.136381 0.044744
v 0.294208 2.064869 1.530052 0.373758 0.136381 0.044744
f 101 102 103 104
v 0.317044 2.011941 1.233192 0.373758 0.136381 0.044744
v 0.294208 2.064869 1.530052 0.373758 0.136381 0.044744
v 0.319976 1.947533 1.553046 0.373758 0.136381 0.044744
v 0.377436 1.819189 1.251426 0.373758 0.136381 0.044744
f 105 106 107 108
v 0.394328 1.941411 1.897301 0.373758 0.136381 0.044744
v 0.370005 1.909468 1.802498 0.373758 0.136381 0.044744
v 0.363707 2.037036 1.780708 0.373758 0.136381 0.044744
v 0.425601 2.116597 1.913747 0.373758 0.136381 0.044744
f 109 110 111 112
v 0.319636 2.262724 1.697479 0.373758 0.136381 0.044744
v 0.360868 2.168889 1.728659 0.373758 0.136381 0.044744
v 0.294208 2.064869 1.530052 0.373758 0.136381 0.044744
v 0.243229 2.191232 1.502133 0.373758 0.136381 0.044744
f 113 114 115 116
v 0.319976 1.947533 1.553046 0.373758 0.136381 0.044744
v 0.363707 2.037036 1.780708 0.373758 0.136381 0.044744
v 0.370005 1.909468 1.802498 0.373758 0.136381 0.044744
v 0.295399 1.750594 1.620918 0.373758 0.136381 0.044744
f 117 118 119 120
v 0.294208 2.064869 1.530052 0.373758 0.136381 0.044744
v 0.360868 2.168889 1.728659 0.373758 0.136381 0.044744
v 0.363707 2.037036 1.780708 0.373758 0.136381 0.044744
v 0.319976 1.947533 1.553046 0.373758 0.136381 0.044744
f 121 122 123 124
v 0.250573 1.841830 -0.998319 0.373758 0.136381 0.044744
v 0.224694 2.014818 -0.940392 0.373758 0.136381 0.044744
v 0.345363 1.924274 -0.862050 0.373758 0.136381 0.044744
v 0.391932 1.792026 -0.905498 0.373758 0.136381 0.044744
f 125 126 127 128
v 0.218254 1.546115 -1.005728 0.373758 0.136381 0.044744
v 0.247351 1.711441 -1.033585 0.373758 0.136381 0.044744
v 0.407919 1.644417 -0.942002 0.373758 0.136381 0.044744
v 0.401386 1.482226 -0.950676 0.373758 0.136381 0.044744
f 129 130 131 132
v 0.220455 1.016159 -0.713558 0.373758 0.136381 0.044744
v 0.201155 1.100724 -0.863664 0.373758 0.136381 0.044744
v 0.231685 0.936874 -1.032637 0.373758 0.136381 0.044744
v 0.243796 0.895019 -0.876514 0.373758 0.136381 0.044744
f 133 134 135 136
v 0.280847 2.103328 -0.730427 0.373758 0.136381 0.044744
v 0.211257 2.194582 -0.743660 0.373758 0.136381 0.044744
v 0.245393 2.252309 -0.404628 0.373758 0.136381 0.044744
v 0.315198 2.148515 -0.414935 0.373758 0.136381 0.044744
f 137 138 139 140
v 0.224694 2.014818 -0.940392 0.373758 0.136381 0.044744
v 0.280847 2.103328 -0.730427 0.373758 0.136381 0.044744
v 0.360361 1.982780 -0.720953 0.373758 0.136381 0.044744
v 0.345363 1.924274 -0.862050 0.373758 0.136381 0.044744
f 141 142 143 144
v 0.247351 1.711441 -1.033585 0.373758 0.136381 0.044744
v 0.250573 1.841830 -0.998319 0.373758 0.136381 0.044744
v 0.391932 1.792026 -0.905498 0.373758 0.136381 0.044744
v 0.407919 1.644417 -0.942002 0.373758 0.136381 0.044744
f 145 146 147 148
v 0.119256 2.007035 -1.028698 0.373758 0.136381 0.044744
v 0.083272 2.199655 -1.045509 0.373758 0.136381 0.044744
v 0.176546 2.118016 -0.910031 0.373758 0.136381 0.044744
v 0.224694 2.014818 -0.940392 0.373758 0.136381 0.044744
f 149 150 151 152
v 0.119256 2.007035 -1.028698 0.373758 0.136381 0.044744
v 0.224694 2.014818 -0.940392 0.373758 0.136381 0.044744
v 0.250573 1.841830 -0.998319 0.373758 0.136381 0.044744
v 0.107712 1.928293 -1.047472 0.373758 0.136381 0.044744
f 153 154 155 156
v 0.098943 2.282201 -0.749453 0.373758 0.136381 0.044744
v 0.211257 2.194582 -0.743660 0.373758 0.136381 0.044744
v 0.176546 2.118016 -0.910031 0.373758 0.136381 0.044744
v 0.083272 2.199655 -1.045509 0.373758 0.136381 0.044744
f 157 158 159 160
v 0.098943 2.282201 -0.749453 0.373758 0.136381 0.044744
v 0.083272 2.199655 -1.045509 0.373758 0.136381 0.044744
v -0.000000 2.236681 -1.071507 0.373758 0.136381 0.044744
v -0.000000 2.314938 -0.749779 0.373758 0.136381 0.044744
f 161 162 163 164
v 0.315198 2.148515 -0.414935 0.373758 0.136381 0.044744
v 0.245393 2.252309 -0.404628 0.373758 0.136381 0.044744
v 0.231054 2.249961 -0.128843 0.373758 0.136381 0.044744
v 0.341997 2.064963 -0.135855 0.373758 0.136381 0.044744
f 165 166 167 168
v 0.384948 1.651635 -0.081606 0.373758 0.136381 0.044744
v 0.312241 1.524383 -0.157392 0.373758 0.136381 0.044744
v 0.464133 1.403896 -0.293571 0.373758 0.136381 0.044744
v 0.477825 1.590908 -0.210277 0.373758 0.136381 0.044744
f 169 170 171 172
v 0.201155 1.100724 -0.863664 0.373758 0.136381 0.044744
v 0.252439 1.137146 -1.007416 0.373758 0.136381 0.044744
v 0.271649 0.964084 -1.139692 0.373758 0.136381 0.044744
v 0.231685 0.936874 -1.032637 0.373758 0.136381 0.044744
f 173 174 175 176
v 0.280847 2.103328 -0.730427 0.373758 0.136381 0.044744
v 0.224694 2.014818 -0.940392 0.373758 0.136381 0.044744
v 0.176546 2.118016 -0.910031 0.373758 0.136381 0.044744
v 0.211257 2.194582 -0.743660 0.373758 0.136381 0.044744
f 177 178 179 180
v 0.231947 2.413774 1.844397 0.373758 0.136381 0.044744
v 0.363653 2.315150 1.821919 0.373758 0.136381 0.044744
v 0.319636 2.262724 1.697479 0.373758 0.136381 0.044744
v 0.194210 2.350245 1.684292 0.373758 0.136381 0.044744
f 181 182 183 184
v 0.231947 2.413774 1.844397 0.373758 0.136381 0.044744
v 0.194210 2.350245 1.684292 0.373758 0.136381 0.044744
v 0.045469 2.375541 1.696935 0.373758 0.136381 0.044744
v 0.057780 2.424573 1.852796 0.373758 0.136381 0.044744
f 185 186 187 188
v 0.231947 2.413774 1.844397 0.373758 0.136381 0.044744
v 0.057780 2.424573 1.852796 0.373758 0.136381 0.044744
v 0.063266 2.451024 1.969646 0.373758 0.136381 0.044744
v 0.222674 2.448344 1.944237 0.373758 0.136381 0.044744
f 189 190 191 192
v 0.231947 2.413774 1.844397 0.373758 0.136381 0.044744
v 0.222674 2.448344 1.944237 0.373758 0.136381 0.044744
v 0.363653 2.315150 1.821919 0.373758 0.136381 0.044744
f 193 194 195
v 0.373059 2.006023 1.040713 0.373758 0.136381 0.044744
v 0.272918 2.149798 1.017692 0.373758 0.136381 0.044744
v 0.217391 2.152187 1.217902 0.373758 0.136381 0.044744
v 0.317044 2.011941 1.233192 0.373758 0.136381 0.044744
f 196 197 198 199
v 0.252080 1.358161 0.725648 0.373758 0.136381 0.044744
v 0.341720 1.545703 0.728818 0.373758 0.136381 0.044744
v 0.406627 1.529302 0.781946 0.373758 0.136381 0.044744
v 0.400450 1.368283 0.787124 0.373758 0.136381 0.044744
f 200 201 202 203
v 0.311725 1.549062 1.355912 0.373758 0.136381 0.044744
v 0.377436 1.819189 1.251426 0.373758 0.136381 0.044744
v 0.319976 1.947533 1.553046 0.373758 0.136381 0.044744
v 0.295399 1.750594 1.620918 0.373758 0.136381 0.044744
f 204 205 206 207
v 0.318460 1.587124 0.416223 0.373758 0.136381 0.044744
v 0.350257 1.883510 0.368165 0.373758 0.136381 0.044744
v 0.375711 1.814161 0.729669 0.373758 0.136381 0.044744
v 0.341720 1.545703 0.728818 0.373758 0.136381 0.044744
f 208 209 210 211
v 0.316559 1.629832 0.046535 0.373758 0.136381 0.044744
v 0.339860 1.913615 0.090110 0.373758 0.136381 0.044744
v 0.350257 1.883510 0.368165 0.373758 0.136381 0.044744
v 0.318460 1.587124 0.416223 0.373758 0.136381 0.044744
f 212 213 214 215
v 0.136075 2.256398 0.581240 0.373758 0.136381 0.044744
v 0.141067 2.279530 0.324307 0.373758 0.136381 0.044744
v -0.000000 2.308792 0.331795 0.373758 0.136381 0.044744
v -0.000218 2.290880 0.583211 0.373758 0.136381 0.044744
f 216 217 218 219
v 0.316559 1.629832 0.046535 0.373758 0.136381 0.044744
v 0.384948 1.651635 -0.081606 0.373758 0.136381 0.044744
v 0.368879 1.873302 -0.065483 0.373758 0.136381 0.044744
v 0.339860 1.913615 0.090110 0.373758 0.136381 0.044744
f 220 221 222 223
v 0.146832 1.803393 -1.660075 0.373758 0.136381 0.044744
v 0.114981 1.938551 -1.485617 0.373758 0.136381 0.044744
v 0.200144 1.751801 -1.356125 0.373758 0.136381 0.044744
v 0.233045 1.623941 -1.509386 0.373758 0.136381 0.044744
f 224 225 226 227
v 0.167460 1.865256 -1.243290 0.373758 0.136381 0.044744
v 0.118866 1.735186 -1.195351 0.373758 0.136381 0.044744
v 0.146989 1.618599 -1.303950 0.373758 0.136381 0.044744
v 0.200144 1.751801 -1.356125 0.373758 0.136381 0.044744
f 228 229 230 231
v 0.233045 1.623941 -1.509386 0.373758 0.136381 0.044744
v 0.200144 1.751801 -1.356125 0.373758 0.136381 0.044744
v 0.146989 1.618599 -1.303950 0.373758 0.136381 0.044744
v 0.177811 1.476682 -1.442305 0.373758 0.136381 0.044744
f 232 233 234 235
v 0.119256 2.007035 -1.028698 0.373758 0.136381 0.044744
v 0.107712 1.928293 -1.047472 0.373758 0.136381 0.044744
v 0.108828 1.862107 -1.115120 0.373758 0.136381 0.044744
v 0.145416 1.960375 -1.139687 0.373758 0.136381 0.044744
f 236 237 238 239
v 0.167460 1.865256 -1.243290 0.373758 0.136381 0.044744
v 0.145416 1.960375 -1.139687 0.373758 0.136381 0.044744
v 0.108828 1.862107 -1.115120 0.373758 0.136381 0.044744
v 0.118866 1.735186 -1.195351 0.373758 0.136381 0.044744
f 240 241 242 243
v 0.083272 2.199655 -1.045509 0.373758 0.136381 0.044744
v 0.119256 2.007035 -1.028698 0.373758 0.136381 0.044744
v 0.145416 1.960375 -1.139687 0.373758 0.136381 0.044744
v 0.101244 2.140560 -1.185881 0.373758 0.136381 0.044744
f 244 245 246 247
v 0.096119 2.052632 -1.324825 0.373758 0.136381 0.044744
v 0.101244 2.140560 -1.185881 0.373758 0.136381 0.044744
v 0.145416 1.960375 -1.139687 0.373758 0.136381 0.044744
v 0.167460 1.865256 -1.243290 0.373758 0.136381 0.044744
f 248 249 250 251
v 0.233045 1.623941 -1.509386 0.373758 0.136381 0.044744
v 0.177811 1.476682 -1.442305 0.373758 0.136381 0.044744
v 0.198104 1.333622 -1.588850 0.373758 0.136381 0.044744
v 0.247327 1.489852 -1.656900 0.373758 0.136381 0.044744
f 252 253 254 255
v 0.118866 1.735186 -1.195351 0.373758 0.136381 0.044744
v 0.108828 1.862107 -1.115120 0.373758 0.136381 0.044744
v -0.000000 1.827039 -1.110020 0.373758 0.136381 0.044744
v 0.000000 1.712424 -1.195051 0.373758 0.136381 0.044744
f 256 257 258 259
v -0.000000 2.236681 -1.071507 0.373758 0.136381 0.044744
v 0.083272 2.199655 -1.045509 0.373758 0.136381 0.044744
v 0.101244 2.140560 -1.185881 0.373758 0.136381 0.044744
v -0.000000 2.161048 -1.190007 0.373758 0.136381 0.044744
f 260 261 262 263
v 0.000000 2.068754 -1.340371 0.373758 0.136381 0.044744
v -0.000000 2.161048 -1.190007 0.373758 0.136381 0.044744
v 0.101244 2.140560 -1.185881 0.373758 0.136381 0.044744
v 0.096119 2.052632 -1.324825 0.373758 0.136381 0.044744
f 264 265 266 267
v 0.000002 1.820081 -1.683941 0.373758 0.136381 0.044744
v 0.146832 1.803393 -1.660075 0.373758 0.136381 0.044744
v 0.169940 1.682718 -1.832531 0.373758 0.136381 0.044744
v 0.000001 1.696097 -1.853592 0.373758 0.136381 0.044744
f 268 269 270 271
v 0.249358 1.350775 -1.834218 0.373758 0.136381 0.044744
v 0.217423 1.210034 -1.745335 0.373758 0.136381 0.044744
v 0.236560 1.101529 -1.917786 0.373758 0.136381 0.044744
v 0.251343 1.234865 -2.021389 0.373758 0.136381 0.044744
f 272 273 274 275
v 0.177811 1.476682 -1.442305 0.373758 0.136381 0.044744
v -0.000002 1.429472 -1.421913 0.373758 0.136381 0.044744
v -0.000005 1.278890 -1.567122 0.373758 0.136381 0.044744
v 0.198104 1.333622 -1.588850 0.373758 0.136381 0.044744
f 276 277 278 279
v 0.164774 1.536258 -1.996635 0.373758 0.136381 0.044744
v 0.169940 1.682718 -1.832531 0.373758 0.136381 0.044744
v 0.247327 1.489852 -1.656900 0.373758 0.136381 0.044744
v 0.249358 1.350775 -1.834218 0.373758 0.136381 0.044744
f 280 281 282 283
v 0.118866 1.735186 -1.195351 0.373758 0.136381 0.044744
v 0.000000 1.712424 -1.195051 0.373758 0.136381 0.044744
v -0.000000 1.586280 -1.289319 0.373758 0.136381 0.044744
v 0.146989 1.618599 -1.303950 0.373758 0.136381 0.044744
f 284 285 286 287
v 0.177811 1.476682 -1.442305 0.373758 0.136381 0.044744
v 0.146989 1.618599 -1.303950 0.373758 0.136381 0.044744
v -0.000000 1.586280 -1.289319 0.373758 0.136381 0.044744
v -0.000002 1.429472 -1.421913 0.373758 0.136381 0.044744
f 288 289 290 291
v 0.000000 2.068754 -1.340371 0.373758 0.136381 0.044744
v 0.096119 2.052632 -1.324825 0.373758 0.136381 0.044744
v 0.114981 1.938551 -1.485617 0.373758 0.136381 0.044744
v 0.000001 1.954663 -1.505955 0.373758 0.136381 0.044744
f 292 293 294 295
v 0.000002 1.820081 -1.683941 0.373758 0.136381 0.044744
v 0.000001 1.954663 -1.505955 0.373758 0.136381 0.044744
v 0.114981 1.938551 -1.485617 0.373758 0.136381 0.044744
v 0.146832 1.803393 -1.660075 0.373758 0.136381 0.044744
f 296 297 298 299
v 0.160511 1.425013 -2.151295 0.373758 0.136381 0.044744
v 0.164774 1.536258 -1.996635 0.373758 0.136381 0.044744
v 0.249358 1.350775 -1.834218 0.373758 0.136381 0.044744
v 0.251343 1.234865 -2.021389 0.373758 0.136381 0.044744
f 300 301 302 303
v 0.217423 1.210034 -1.745335 0.373758 0.136381 0.044744
v 0.198104 1.333622 -1.588850 0.373758 0.136381 0.044744
v -0.000005 1.278890 -1.567122 0.373758 0.136381 0.044744
v -0.000007 1.157569 -1.725475 0.373758 0.136381 0.044744
f 304 305 306 307
v 0.236560 1.101529 -1.917786 0.373758 0.136381 0.044744
v -0.000008 1.053782 -1.894693 0.373758 0.136381 0.044744
v -0.000009 0.959562 -2.128671 0.373758 0.136381 0.044744
v 0.232208 0.992480 -2.149109 0.373758 0.136381 0.044744
f 308 309 310 311
v 0.247327 1.489852 -1.656900 0.373758 0.136381 0.044744
v 0.198104 1.333622 -1.588850 0.373758 0.136381 0.044744
v 0.217423 1.210034 -1.745335 0.373758 0.136381 0.044744
v 0.249358 1.350775 -1.834218 0.373758 0.136381 0.044744
f 312 313 314 315
v 0.146832 1.803393 -1.660075 0.373758 0.136381 0.044744
v 0.233045 1.623941 -1.509386 0.373758 0.136381 0.044744
v 0.247327 1.489852 -1.656900 0.373758 0.136381 0.044744
v 0.169940 1.682718 -1.832531 0.373758 0.136381 0.044744
f 316 317 318 319
v -0.000003 1.443625 -2.173802 0.373758 0.136381 0.044744
v -0.000001 1.554099 -2.017640 0.373758 0.136381 0.044744
v 0.164774 1.536258 -1.996635 0.373758 0.136381 0.044744
v 0.160511 1.425013 -2.151295 0.373758 0.136381 0.044744
f 320 321 322 323
v 0.160511 1.425013 -2.151295 0.373758 0.136381 0.044744
v 0.251343 1.234865 -2.021389 0.373758 0.136381 0.044744
v 0.218837 1.142230 -2.244539 0.373758 0.136381 0.044744
v 0.136319 1.296017 -2.328707 0.373758 0.136381 0.044744
f 324 325 326 327
v 0.236560 1.101529 -1.917786 0.373758 0.136381 0.044744
v 0.217423 1.210034 -1.745335 0.373758 0.136381 0.044744
v -0.000007 1.157569 -1.725475 0.373758 0.136381 0.044744
v -0.000008 1.053782 -1.894693 0.373758 0.136381 0.044744
f 328 329 330 331
v -0.000003 1.443625 -2.173802 0.373758 0.136381 0.044744
v 0.160511 1.425013 -2.151295 0.373758 0.136381 0.044744
v 0.136319 1.296017 -2.328707 0.373758 0.136381 0.044744
v -0.000004 1.320235 -2.336554 0.373758 0.136381 0.044744
f 332 333 334 335
v 0.251343 1.234865 -2.021389 0.373758 0.136381 0.044744
v 0.236560 1.101529 -1.917786 0.373758 0.136381 0.044744
v 0.232208 0.992480 -2.149109 0.373758 0.136381 0.044744
v 0.218837 1.142230 -2.244539 0.373758 0.136381 0.044744
f 336 337 338 339
v 0.107712 1.928293 -1.047472 0.373758 0.136381 0.044744
v -0.000000 1.903182 -1.062484 0.373758 0.136381 0.044744
v -0.000000 1.827039 -1.110020 0.373758 0.136381 0.044744
v 0.108828 1.862107 -1.115120 0.373758 0.136381 0.044744
f 340 341 342 343
v 0.363653 2.315150 1.821919 0.373758 0.136381 0.044744
v 0.222674 2.448344 1.944237 0.373758 0.136381 0.044744
v 0.316025 2.519320 1.987943 0.373758 0.136381 0.044744
v 0.441667 2.437719 1.905981 0.373758 0.136381 0.044744
f 344 345 346 347
v 0.234611 2.404658 2.120385 0.373758 0.136381 0.044744
v 0.222674 2.448344 1.944237 0.373758 0.136381 0.044744
v 0.063266 2.451024 1.969646 0.373758 0.136381 0.044744
v 0.072440 2.419046 2.177578 0.373758 0.136381 0.044744
f 348 349 350 351
v 0.234611 2.404658 2.120385 0.373758 0.136381 0.044744
v 0.072440 2.419046 2.177578 0.373758 0.136381 0.044744
v 0.077829 2.372808 2.232139 0.373758 0.136381 0.044744
v 0.212231 2.345689 2.216202 0.373758 0.136381 0.044744
f 352 353 354 355
v 0.234611 2.404658 2.120385 0.373758 0.136381 0.044744
v 0.212231 2.345689 2.216202 0.373758 0.136381 0.044744
v 0.267119 2.312382 2.199425 0.373758 0.136381 0.044744
v 0.298856 2.351057 2.157780 0.373758 0.136381 0.044744
f 356 357 358 359
v 0.438061 2.224208 1.894750 0.373758 0.136381 0.044744
v 0.425601 2.116597 1.913747 0.373758 0.136381 0.044744
v 0.363707 2.037036 1.780708 0.373758 0.136381 0.044744
v 0.360868 2.168889 1.728659 0.373758 0.136381 0.044744
f 360 361 362 363
v 0.438061 2.224208 1.894750 0.373758 0.136381 0.044744
v 0.360868 2.168889 1.728659 0.373758 0.136381 0.044744
v 0.319636 2.262724 1.697479 0.373758 0.136381 0.044744
v 0.363653 2.315150 1.821919 0.373758 0.136381 0.044744
f 364 365 366 367
v 0.438061 2.224208 1.894750 0.373758 0.136381 0.044744
v 0.367021 2.315568 2.056221 0.373758 0.136381 0.044744
v 0.376159 2.238169 2.057383 0.373758 0.136381 0.044744
f 368 369 370
v 0.203316 2.285223 2.265159 0.373758 0.136381 0.044744
v 0.189673 2.213586 2.342491 0.373758 0.136381 0.044744
v 0.261268 2.093257 2.320108 0.373758 0.136381 0.044744
v 0.266592 2.242927 2.246611 0.373758 0.136381 0.044744
f 371 372 373 374
v 0.203316 2.285223 2.265159 0.373758 0.136381 0.044744
v 0.266592 2.242927 2.246611 0.373758 0.136381 0.044744
v 0.267119 2.312382 2.199425 0.373758 0.136381 0.044744
v 0.212231 2.345689 2.216202 0.373758 0.136381 0.044744
f 375 376 377 378
v 0.203316 2.285223 2.265159 0.373758 0.136381 0.044744
v 0.212231 2.345689 2.216202 0.373758 0.136381 0.044744
v 0.077829 2.372808 2.232139 0.373758 0.136381 0.044744
v 0.083435 2.315879 2.272146 0.373758 0.136381 0.044744
f 379 380 381 382
v 0.203316 2.285223 2.265159 0.373758 0.136381 0.044744
v 0.083435 2.315879 2.272146 0.373758 0.136381 0.044744
v 0.093295 2.227389 2.350771 0.373758 0.136381 0.044744
v 0.189673 2.213586 2.342491 0.373758 0.136381 0.044744
f 383 384 385 386
v 0.180744 2.139979 2.446435 0.373758 0.136381 0.044744
v 0.235405 2.058150 2.415432 0.373758 0.136381 0.044744
v 0.261268 2.093257 2.320108 0.373758 0.136381 0.044744
v 0.189673 2.213586 2.342491 0.373758 0.136381 0.044744
f 387 388 389 390
v 0.180744 2.139979 2.446435 0.373758 0.136381 0.044744
v 0.189673 2.213586 2.342491 0.373758 0.136381 0.044744
v 0.093295 2.227389 2.350771 0.373758 0.136381 0.044744
v 0.104498 2.144922 2.452945 0.373758 0.136381 0.044744
f 391 392 393 394
v 0.180744 2.139979 2.446435 0.373758 0.136381 0.044744
v 0.104498 2.144922 2.452945 0.373758 0.136381 0.044744
v 0.119692 2.080041 2.624882 0.373758 0.136381 0.044744
v 0.164620 2.084414 2.640045 0.373758 0.136381 0.044744
f 395 396 397 398
v 0.180744 2.139979 2.446435 0.373758 0.136381 0.044744
v 0.164620 2.084414 2.640045 0.373758 0.136381 0.044744
v 0.193841 2.030781 2.638663 0.373758 0.136381 0.044744
v 0.235405 2.058150 2.415432 0.373758 0.136381 0.044744
f 399 400 401 402
v 0.330649 2.257084 2.154676 0.373758 0.136381 0.044744
v 0.376159 2.238169 2.057383 0.373758 0.136381 0.044744
v 0.367021 2.315568 2.056221 0.373758 0.136381 0.044744
v 0.298856 2.351057 2.157780 0.373758 0.136381 0.044744
f 403 404 405 406
v 0.330649 2.257084 2.154676 0.373758 0.136381 0.044744
v 0.298856 2.351057 2.157780 0.373758 0.136381 0.044744
v 0.267119 2.312382 2.199425 0.373758 0.136381 0.044744
v 0.266592 2.242927 2.246611 0.373758 0.136381 0.044744
f 407 408 409 410
v 0.376159 2.238169 2.057383 0.373758 0.136381 0.044744
v 0.330649 2.257084 2.154676 0.373758 0.136381 0.044744
v 0.329646 2.246150 2.159121 0.373758 0.136381 0.044744
v 0.358533 2.217899 2.100820 0.373758 0.136381 0.044744
f 411 412 413 414
v 0.377436 1.819189 1.251426 0.373758 0.136381 0.044744
v 0.311725 1.549062 1.355912 0.373758 0.136381 0.044744
v 0.393943 1.520210 1.230771 0.373758 0.136381 0.044744
f 415 416 417
v 0.098943 2.282201 -0.749453 0.373758 0.136381 0.044744
v -0.000000 2.314938 -0.749779 0.373758 0.136381 0.044744
v -0.000000 2.380098 -0.398114 0.373758 0.136381 0.044744
v 0.154208 2.345795 -0.399591 0.373758 0.136381 0.044744
f 418 419 420 421
v 0.096119 2.052632 -1.324825 0.373758 0.136381 0.044744
v 0.167460 1.865256 -1.243290 0.373758 0.136381 0.044744
v 0.200144 1.751801 -1.356125 0.373758 0.136381 0.044744
v 0.114981 1.938551 -1.485617 0.373758 0.136381 0.044744
f 422 423 424 425
v 0.438061 2.224208 1.894750 0.373758 0.136381 0.044744
v 0.363653 2.315150 1.821919 0.373758 0.136381 0.044744
v 0.441667 2.437719 1.905981 0.373758 0.136381 0.044744
v 0.507589 2.388280 1.928958 0.373758 0.136381 0.044744
f 426 427 428 429
v 0.441667 2.437719 1.905981 0.373758 0.136381 0.044744
v 0.316025 2.519320 1.987943 0.373758 0.136381 0.044744
v 0.393366 2.577941 2.019358 0.373758 0.136381 0.044744
v 0.490529 2.546898 1.973698 0.373758 0.136381 0.044744
f 430 431 432 433
v 0.333167 2.507030 2.124932 0.373758 0.136381 0.044744
v 0.387223 2.475278 2.188130 0.373758 0.136381 0.044744
v 0.437714 2.544111 2.189015 0.373758 0.136381 0.044744
v 0.401856 2.565413 2.126436 0.373758 0.136381 0.044744
f 434 435 436 437
v 0.222674 2.448344 1.944237 0.373758 0.136381 0.044744
v 0.234611 2.404658 2.120385 0.373758 0.136381 0.044744
v 0.333167 2.507030 2.124932 0.373758 0.136381 0.044744
v 0.316025 2.519320 1.987943 0.373758 0.136381 0.044744
f 438 439 440 441
v 0.234611 2.404658 2.120385 0.373758 0.136381 0.044744
v 0.298856 2.351057 2.157780 0.373758 0.136381 0.044744
v 0.387223 2.475278 2.188130 0.373758 0.136381 0.044744
v 0.333167 2.507030 2.124932 0.373758 0.136381 0.044744
f 442 443 444 445
v 0.507589 2.388280 1.928958 0.373758 0.136381 0.044744
v 0.552645 2.522790 1.991266 0.373758 0.136381 0.044744
v 0.534667 2.518873 2.005414 0.373758 0.136381 0.044744
v 0.496750 2.395844 1.957897 0.373758 0.136381 0.044744
f 446 447 448 449
v 0.367021 2.315568 2.056221 0.373758 0.136381 0.044744
v 0.438061 2.224208 1.894750 0.373758 0.136381 0.044744
v 0.456226 2.310082 1.938321 0.373758 0.136381 0.044744
v 0.387037 2.343038 2.051445 0.373758 0.136381 0.044744
f 450 451 452 453
v 0.507589 2.388280 1.928958 0.373758 0.136381 0.044744
v 0.441667 2.437719 1.905981 0.373758 0.136381 0.044744
v 0.490529 2.546898 1.973698 0.373758 0.136381 0.044744
v 0.552645 2.522790 1.991266 0.373758 0.136381 0.044744
f 454 455 456 457
v 0.316025 2.519320 1.987943 0.373758 0.136381 0.044744
v 0.333167 2.507030 2.124932 0.373758 0.136381 0.044744
v 0.401856 2.565413 2.126436 0.373758 0.136381 0.044744
v 0.393366 2.577941 2.019358 0.373758 0.136381 0.044744
f 458 459 460 461
v 0.437714 2.544111 2.189015 0.373758 0.136381 0.044744
v 0.387223 2.475278 2.188130 0.373758 0.136381 0.044744
v 0.408394 2.471416 2.155469 0.373758 0.136381 0.044744
v 0.447796 2.528470 2.158982 0.373758 0.136381 0.044744
f 462 463 464 465
v 0.387223 2.475278 2.188130 0.373758 0.136381 0.044744
v 0.298856 2.351057 2.157780 0.373758 0.136381 0.044744
v 0.365397 2.388987 2.133083 0.373758 0.136381 0.044744
v 0.408394 2.471416 2.155469 0.373758 0.136381 0.044744
f 466 467 468 469
v 0.438061 2.224208 1.894750 0.373758 0.136381 0.044744
v 0.507589 2.388280 1.928958 0.373758 0.136381 0.044744
v 0.496750 2.395844 1.957897 0.373758 0.136381 0.044744
v 0.456226 2.310082 1.938321 0.373758 0.136381 0.044744
f 470 471 472 473
v 0.298856 2.351057 2.157780 0.373758 0.136381 0.044744
v 0.367021 2.315568 2.056221 0.373758 0.136381 0.044744
v 0.387037 2.343038 2.051445 0.373758 0.136381 0.044744
v 0.365397 2.388987 2.133083 0.373758 0.136381 0.044744
f 474 475 476 477
v 0.527528 1.577910 -0.418294 0.373758 0.136381 0.044744
v 0.485179 1.618860 -0.727835 0.373758 0.136381 0.044744
v 0.469704 1.761752 -0.727777 0.373758 0.136381 0.044744
v 0.504983 1.766250 -0.440917 0.373758 0.136381 0.044744
f 478 479 480 481
v 0.527528 1.577910 -0.418294 0.373758 0.136381 0.044744
v 0.498794 1.388507 -0.470852 0.373758 0.136381 0.044744
v 0.483404 1.427850 -0.743264 0.373758 0.136381 0.044744
v 0.485179 1.618860 -0.727835 0.373758 0.136381 0.044744
f 482 483 484 485
v 0.485179 1.618860 -0.727835 0.373758 0.136381 0.044744
v 0.483404 1.427850 -0.743264 0.373758 0.136381 0.044744
v 0.401386 1.482226 -0.950676 0.373758 0.136381 0.044744
v 0.407919 1.644417 -0.942002 0.373758 0.136381 0.044744
f 486 487 488 489
v 0.485179 1.618860 -0.727835 0.373758 0.136381 0.044744
v 0.407919 1.644417 -0.942002 0.373758 0.136381 0.044744
v 0.391932 1.792026 -0.905498 0.373758 0.136381 0.044744
v 0.469704 1.761752 -0.727777 0.373758 0.136381 0.044744
f 490 491 492 493
v 0.527528 1.577910 -0.418294 0.373758 0.136381 0.044744
v 0.504983 1.766250 -0.440917 0.373758 0.136381 0.044744
v 0.455730 1.781771 -0.227917 0.373758 0.136381 0.044744
v 0.477825 1.590908 -0.210277 0.373758 0.136381 0.044744
f 494 495 496 497
v 0.527528 1.577910 -0.418294 0.373758 0.136381 0.044744
v 0.477825 1.590908 -0.210277 0.373758 0.136381 0.044744
v 0.464133 1.403896 -0.293571 0.373758 0.136381 0.044744
v 0.498794 1.388507 -0.470852 0.373758 0.136381 0.044744
f 498 499 500 501
v 0.407177 2.005599 -0.458082 0.373758 0.136381 0.044744
v 0.398435 1.939148 -0.288378 0.373758 0.136381 0.044744
v 0.455730 1.781771 -0.227917 0.373758 0.136381 0.044744
v 0.504983 1.766250 -0.440917 0.373758 0.136381 0.044744
f 502 503 504 505
v 0.360361 1.982780 -0.720953 0.373758 0.136381 0.044744
v 0.407177 2.005599 -0.458082 0.373758 0.136381 0.044744
v 0.504983 1.766250 -0.440917 0.373758 0.136381 0.044744
v 0.469704 1.761752 -0.727777 0.373758 0.136381 0.044744
f 506 507 508 509
v 0.360361 1.982780 -0.720953 0.373758 0.136381 0.044744
v 0.469704 1.761752 -0.727777 0.373758 0.136381 0.044744
v 0.391932 1.792026 -0.905498 0.373758 0.136381 0.044744
v 0.345363 1.924274 -0.862050 0.373758 0.136381 0.044744
f 510 511 512 513
v 0.280847 2.103328 -0.730427 0.373758 0.136381 0.044744
v 0.315198 2.148515 -0.414935 0.373758 0.136381 0.044744
v 0.407177 2.005599 -0.458082 0.373758 0.136381 0.044744
v 0.360361 1.982780 -0.720953 0.373758 0.136381 0.044744
f 514 515 516 517
v 0.368879 1.873302 -0.065483 0.373758 0.136381 0.044744
v 0.384948 1.651635 -0.081606 0.373758 0.136381 0.044744
v 0.477825 1.590908 -0.210277 0.373758 0.136381 0.044744
v 0.455730 1.781771 -0.227917 0.373758 0.136381 0.044744
f 518 519 520 521
v 0.315198 2.148515 -0.414935 0.373758 0.136381 0.044744
v 0.341997 2.064963 -0.135855 0.373758 0.136381 0.044744
v 0.398435 1.939148 -0.288378 0.373758 0.136381 0.044744
v 0.407177 2.005599 -0.458082 0.373758 0.136381 0.044744
f 522 523 524 525
v 0.156788 1.394173 -0.834734 0.373758 0.136381 0.044744
v 0.218254 1.546115 -1.005728 0.373758 0.136381 0.044744
v 0.231364 1.308948 -0.987422 0.373758 0.136381 0.044744
v 0.173882 1.259131 -0.808122 0.373758 0.136381 0.044744
f 526 527 528 529
v 0.308495 1.001871 -0.620081 0.373758 0.136381 0.044744
v 0.220455 1.016159 -0.713558 0.373758 0.136381 0.044744
v 0.243796 0.895019 -0.876514 0.373758 0.136381 0.044744
v 0.309713 0.879200 -0.813206 0.373758 0.136381 0.044744
f 530 531 532 533
v 0.464422 1.038003 -0.712674 0.373758 0.136381 0.044744
v 0.412676 1.004629 -0.646444 0.373758 0.136381 0.044744
v 0.399836 0.879465 -0.828159 0.373758 0.136381 0.044744
v 0.441831 0.895297 -0.891787 0.373758 0.136381 0.044744
f 534 535 536 537
v 0.252439 1.137146 -1.007416 0.373758 0.136381 0.044744
v 0.388382 1.137520 -0.983938 0.373758 0.136381 0.044744
v 0.358575 0.962437 -1.116298 0.373758 0.136381 0.044744
v 0.271649 0.964084 -1.139692 0.373758 0.136381 0.044744
f 538 539 540 541
v 0.453817 1.098347 -0.863842 0.373758 0.136381 0.044744
v 0.464422 1.038003 -0.712674 0.373758 0.136381 0.044744
v 0.441831 0.895297 -0.891787 0.373758 0.136381 0.044744
v 0.424870 0.940310 -1.038238 0.373758 0.136381 0.044744
f 542 543 544 545
v 0.194662 1.355965 -0.350726 0.373758 0.136381 0.044744
v 0.156788 1.394173 -0.834734 0.373758 0.136381 0.044744
v 0.173882 1.259131 -0.808122 0.373758 0.136381 0.044744
v 0.189193 1.143918 -0.578209 0.373758 0.136381 0.044744
f 546 547 548 549
v 0.464133 1.403896 -0.293571 0.373758 0.136381 0.044744
v 0.307992 1.325189 -0.306482 0.373758 0.136381 0.044744
v 0.308011 1.141457 -0.451296 0.373758 0.136381 0.044744
v 0.438683 1.150258 -0.493846 0.373758 0.136381 0.044744
f 550 551 552 553
v 0.412676 1.004629 -0.646444 0.373758 0.136381 0.044744
v 0.308495 1.001871 -0.620081 0.373758 0.136381 0.044744
v 0.309713 0.879200 -0.813206 0.373758 0.136381 0.044744
v 0.399836 0.879465 -0.828159 0.373758 0.136381 0.044744
f 554 555 556 557
v 0.399836 0.879465 -0.828159 0.373758 0.136381 0.044744
v 0.309713 0.879200 -0.813206 0.373758 0.136381 0.044744
v 0.306269 0.739998 -0.989862 0.373758 0.136381 0.044744
v 0.388235 0.743933 -1.005308 0.373758 0.136381 0.044744
f 558 559 560 561
v 0.424870 0.940310 -1.038238 0.373758 0.136381 0.044744
v 0.441831 0.895297 -0.891787 0.373758 0.136381 0.044744
v 0.428688 0.760299 -1.083493 0.373758 0.136381 0.044744
v 0.392982 0.803667 -1.148884 0.373758 0.136381 0.044744
f 562 563 564 565
v 0.231685 0.936874 -1.032637 0.373758 0.136381 0.044744
v 0.271649 0.964084 -1.139692 0.373758 0.136381 0.044744
v 0.276299 0.862513 -1.195657 0.373758 0.136381 0.044744
v 0.247089 0.804325 -1.166437 0.373758 0.136381 0.044744
f 566 567 568 569
v 0.498794 1.388507 -0.470852 0.373758 0.136381 0.044744
v 0.464133 1.403896 -0.293571 0.373758 0.136381 0.044744
v 0.438683 1.150258 -0.493846 0.373758 0.136381 0.044744
v 0.487565 1.185731 -0.584284 0.373758 0.136381 0.044744
f 570 571 572 573
v 0.401386 1.482226 -0.950676 0.373758 0.136381 0.044744
v 0.483404 1.427850 -0.743264 0.373758 0.136381 0.044744
v 0.474515 1.264501 -0.801999 0.373758 0.136381 0.044744
v 0.395665 1.312266 -0.959249 0.373758 0.136381 0.044744
f 574 575 576 577
v 0.312241 1.524383 -0.157392 0.373758 0.136381 0.044744
v 0.194662 1.355965 -0.350726 0.373758 0.136381 0.044744
v 0.307992 1.325189 -0.306482 0.373758 0.136381 0.044744
f 578 579 580
v 0.388382 1.137520 -0.983938 0.373758 0.136381 0.044744
v 0.453817 1.098347 -0.863842 0.373758 0.136381 0.044744
v 0.424870 0.940310 -1.038238 0.373758 0.136381 0.044744
v 0.358575 0.962437 -1.116298 0.373758 0.136381 0.044744
f 581 582 583 584
v 0.483404 1.427850 -0.743264 0.373758 0.136381 0.044744
v 0.498794 1.388507 -0.470852 0.373758 0.136381 0.044744
v 0.487565 1.185731 -0.584284 0.373758 0.136381 0.044744
v 0.474515 1.264501 -0.801999 0.373758 0.136381 0.044744
f 585 586 587 588
v 0.243796 0.895019 -0.876514 0.373758 0.136381 0.044744
v 0.231685 0.936874 -1.032637 0.373758 0.136381 0.044744
v 0.247089 0.804325 -1.166437 0.373758 0.136381 0.044744
v 0.243136 0.799003 -1.057252 0.373758 0.136381 0.044744
f 589 590 591 592
v 0.271649 0.964084 -1.139692 0.373758 0.136381 0.044744
v 0.358575 0.962437 -1.116298 0.373758 0.136381 0.044744
v 0.349006 0.858821 -1.196332 0.373758 0.136381 0.044744
v 0.276299 0.862513 -1.195657 0.373758 0.136381 0.044744
f 593 594 595 596
v 0.441831 0.895297 -0.891787 0.373758 0.136381 0.044744
v 0.399836 0.879465 -0.828159 0.373758 0.136381 0.044744
v 0.388235 0.743933 -1.005308 0.373758 0.136381 0.044744
v 0.428688 0.760299 -1.083493 0.373758 0.136381 0.044744
f 597 598 599 600
v 0.358575 0.962437 -1.116298 0.373758 0.136381 0.044744
v 0.424870 0.940310 -1.038238 0.373758 0.136381 0.044744
v 0.392982 0.803667 -1.148884 0.373758 0.136381 0.044744
v 0.349006 0.858821 -1.196332 0.373758 0.136381 0.044744
f 601 602 603 604
v 0.309713 0.879200 -0.813206 0.373758 0.136381 0.044744
v 0.243796 0.895019 -0.876514 0.373758 0.136381 0.044744
v 0.243136 0.799003 -1.057252 0.373758 0.136381 0.044744
v 0.306269 0.739998 -0.989862 0.373758 0.136381 0.044744
f 605 606 607 608
v 0.288957 1.088604 0.738688 0.373758 0.136381 0.044744
v 0.373489 1.089032 0.745319 0.373758 0.136381 0.044744
v 0.356772 0.679086 0.831444 0.373758 0.136381 0.044744
v 0.299730 0.675076 0.816513 0.373758 0.136381 0.044744
f 609 610 611 612
v 0.374451 1.085979 1.020728 0.373758 0.136381 0.044744
v 0.372015 0.683625 1.027955 0.373758 0.136381 0.044744
v 0.403895 0.679920 0.976871 0.373758 0.136381 0.044744
v 0.406492 1.084197 0.954633 0.373758 0.136381 0.044744
f 613 614 615 616
v 0.288957 1.088604 0.738688 0.373758 0.136381 0.044744
v 0.299730 0.675076 0.816513 0.373758 0.136381 0.044744
v 0.256206 0.675817 0.876667 0.373758 0.136381 0.044744
v 0.265771 1.084643 0.863512 0.373758 0.136381 0.044744
f 617 618 619 620
v 0.415009 1.075634 0.846501 0.373758 0.136381 0.044744
v 0.390363 0.678031 0.885396 0.373758 0.136381 0.044744
v 0.356772 0.679086 0.831444 0.373758 0.136381 0.044744
v 0.373489 1.089032 0.745319 0.373758 0.136381 0.044744
f 621 622 623 624
v 0.265771 1.084643 0.863512 0.373758 0.136381 0.044744
v 0.256206 0.675817 0.876667 0.373758 0.136381 0.044744
v 0.269448 0.684668 0.977931 0.373758 0.136381 0.044744
v 0.280388 1.088533 0.977658 0.373758 0.136381 0.044744
f 625 626 627 628
v 0.455198 1.515789 0.927059 0.373758 0.136381 0.044744
v 0.450895 1.366714 0.915110 0.373758 0.136381 0.044744
v 0.400450 1.368283 0.787124 0.373758 0.136381 0.044744
v 0.406627 1.529302 0.781946 0.373758 0.136381 0.044744
f 629 630 631 632
v 0.451708 1.509531 1.078839 0.373758 0.136381 0.044744
v 0.393943 1.520210 1.230771 0.373758 0.136381 0.044744
v 0.405076 1.378807 1.163710 0.373758 0.136381 0.044744
v 0.453397 1.368761 1.057998 0.373758 0.136381 0.044744
f 633 634 635 636
v 0.455198 1.515789 0.927059 0.373758 0.136381 0.044744
v 0.406627 1.529302 0.781946 0.373758 0.136381 0.044744
v 0.375711 1.814161 0.729669 0.373758 0.136381 0.044744
v 0.421272 1.799769 0.906983 0.373758 0.136381 0.044744
f 637 638 639 640
v 0.451708 1.509531 1.078839 0.373758 0.136381 0.044744
v 0.416865 1.786885 1.074730 0.373758 0.136381 0.044744
v 0.377436 1.819189 1.251426 0.373758 0.136381 0.044744
v 0.393943 1.520210 1.230771 0.373758 0.136381 0.044744
f 641 642 643 644
v 0.252080 1.358161 0.725648 0.373758 0.136381 0.044744
v 0.400450 1.368283 0.787124 0.373758 0.136381 0.044744
v 0.393020 1.278838 0.779653 0.373758 0.136381 0.044744
v 0.278335 1.272677 0.729467 0.373758 0.136381 0.044744
f 645 646 647 648
v 0.341720 1.545703 0.728818 0.373758 0.136381 0.044744
v 0.375711 1.814161 0.729669 0.373758 0.136381 0.044744
v 0.406627 1.529302 0.781946 0.373758 0.136381 0.044744
f 649 650 651
v 0.311725 1.549062 1.355912 0.373758 0.136381 0.044744
v 0.309526 1.406299 1.262122 0.373758 0.136381 0.044744
v 0.405076 1.378807 1.163710 0.373758 0.136381 0.044744
v 0.393943 1.520210 1.230771 0.373758 0.136381 0.044744
f 652 653 654 655
v 0.309526 1.406299 1.262122 0.373758 0.136381 0.044744
v 0.213795 1.404252 1.258630 0.373758 0.136381 0.044744
v 0.243616 1.245161 1.103293 0.373758 0.136381 0.044744
v 0.315161 1.253946 1.140438 0.373758 0.136381 0.044744
f 656 657 658 659
v 0.451708 1.509531 1.078839 0.373758 0.136381 0.044744
v 0.455198 1.515789 0.927059 0.373758 0.136381 0.044744
v 0.421272 1.799769 0.906983 0.373758 0.136381 0.044744
v 0.416865 1.786885 1.074730 0.373758 0.136381 0.044744
f 660 661 662 663
v 0.451708 1.509531 1.078839 0.373758 0.136381 0.044744
v 0.453397 1.368761 1.057998 0.373758 0.136381 0.044744
v 0.450895 1.366714 0.915110 0.373758 0.136381 0.044744
v 0.455198 1.515789 0.927059 0.373758 0.136381 0.044744
f 664 665 666 667
v 0.140659 2.224020 1.011414 0.373758 0.136381 0.044744
v 0.139192 2.241595 0.836975 0.373758 0.136381 0.044744
v -0.000751 2.280979 0.833381 0.373758 0.136381 0.044744
v -0.001147 2.278127 1.006567 0.373758 0.136381 0.044744
f 668 669 670 671
v 0.373059 2.006023 1.040713 0.373758 0.136381 0.044744
v 0.344230 2.017339 0.872416 0.373758 0.136381 0.044744
v 0.229371 2.165909 0.846834 0.373758 0.136381 0.044744
v 0.272918 2.149798 1.017692 0.373758 0.136381 0.044744
f 672 673 674 675
v 0.140659 2.224020 1.011414 0.373758 0.136381 0.044744
v 0.272918 2.149798 1.017692 0.373758 0.136381 0.044744
v 0.229371 2.165909 0.846834 0.373758 0.136381 0.044744
v 0.139192 2.241595 0.836975 0.373758 0.136381 0.044744
f 676 677 678 679
v 0.373059 2.006023 1.040713 0.373758 0.136381 0.044744
v 0.416865 1.786885 1.074730 0.373758 0.136381 0.044744
v 0.421272 1.799769 0.906983 0.373758 0.136381 0.044744
v 0.344230 2.017339 0.872416 0.373758 0.136381 0.044744
f 680 681 682 683
v 0.382149 1.258433 1.097079 0.373758 0.136381 0.044744
v 0.315161 1.253946 1.140438 0.373758 0.136381 0.044744
v 0.318294 1.136704 1.043583 0.373758 0.136381 0.044744
v 0.374681 1.136664 1.022773 0.373758 0.136381 0.044744
f 684 685 686 687
v 0.450895 1.366714 0.915110 0.373758 0.136381 0.044744
v 0.453397 1.368761 1.057998 0.373758 0.136381 0.044744
v 0.433832 1.262653 1.019431 0.373758 0.136381 0.044744
v 0.436455 1.271625 0.893872 0.373758 0.136381 0.044744
f 688 689 690 691
v 0.213795 1.404252 1.258630 0.373758 0.136381 0.044744
v 0.199762 1.346695 0.971453 0.373758 0.136381 0.044744
v 0.237846 1.245865 0.906982 0.373758 0.136381 0.044744
v 0.243616 1.245161 1.103293 0.373758 0.136381 0.044744
f 692 693 694 695
v 0.199762 1.346695 0.971453 0.373758 0.136381 0.044744
v 0.252080 1.358161 0.725648 0.373758 0.136381 0.044744
v 0.278335 1.272677 0.729467 0.373758 0.136381 0.044744
v 0.237846 1.245865 0.906982 0.373758 0.136381 0.044744
f 696 697 698 699
v 0.393020 1.278838 0.779653 0.373758 0.136381 0.044744
v 0.436455 1.271625 0.893872 0.373758 0.136381 0.044744
v 0.418752 1.134245 0.843247 0.373758 0.136381 0.044744
v 0.375899 1.152088 0.736450 0.373758 0.136381 0.044744
f 700 701 702 703
v 0.406492 1.084197 0.954633 0.373758 0.136381 0.044744
v 0.403895 0.679920 0.976871 0.373758 0.136381 0.044744
v 0.390363 0.678031 0.885396 0.373758 0.136381 0.044744
v 0.415009 1.075634 0.846501 0.373758 0.136381 0.044744
f 704 705 706 707
v 0.317825 1.087429 1.038571 0.373758 0.136381 0.044744
v 0.314995 0.687869 1.033008 0.373758 0.136381 0.044744
v 0.372015 0.683625 1.027955 0.373758 0.136381 0.044744
v 0.374451 1.085979 1.020728 0.373758 0.136381 0.044744
f 708 709 710 711
v 0.135525 2.281392 1.506220 0.373758 0.136381 0.044744
v 0.026066 2.315606 1.509584 0.373758 0.136381 0.044744
v 0.045469 2.375541 1.696935 0.373758 0.136381 0.044744
v 0.194210 2.350245 1.684292 0.373758 0.136381 0.044744
f 712 713 714 715
v 0.280388 1.088533 0.977658 0.373758 0.136381 0.044744
v 0.269448 0.684668 0.977931 0.373758 0.136381 0.044744
v 0.314995 0.687869 1.033008 0.373758 0.136381 0.044744
v 0.317825 1.087429 1.038571 0.373758 0.136381 0.044744
f 716 717 718 719
v 0.453397 1.368761 1.057998 0.373758 0.136381 0.044744
v 0.405076 1.378807 1.163710 0.373758 0.136381 0.044744
v 0.382149 1.258433 1.097079 0.373758 0.136381 0.044744
v 0.433832 1.262653 1.019431 0.373758 0.136381 0.044744
f 720 721 722 723
v 0.237846 1.245865 0.906982 0.373758 0.136381 0.044744
v 0.278335 1.272677 0.729467 0.373758 0.136381 0.044744
v 0.286943 1.152082 0.731470 0.373758 0.136381 0.044744
v 0.267120 1.142952 0.865152 0.373758 0.136381 0.044744
f 724 725 726 727
v 0.436455 1.271625 0.893872 0.373758 0.136381 0.044744
v 0.433832 1.262653 1.019431 0.373758 0.136381 0.044744
v 0.406792 1.137610 0.954300 0.373758 0.136381 0.044744
v 0.418752 1.134245 0.843247 0.373758 0.136381 0.044744
f 728 729 730 731
v 0.278335 1.272677 0.729467 0.373758 0.136381 0.044744
v 0.393020 1.278838 0.779653 0.373758 0.136381 0.044744
v 0.375899 1.152088 0.736450 0.373758 0.136381 0.044744
v 0.286943 1.152082 0.731470 0.373758 0.136381 0.044744
f 732 733 734 735
v 0.400450 1.368283 0.787124 0.373758 0.136381 0.044744
v 0.450895 1.366714 0.915110 0.373758 0.136381 0.044744
v 0.436455 1.271625 0.893872 0.373758 0.136381 0.044744
v 0.393020 1.278838 0.779653 0.373758 0.136381 0.044744
f 736 737 738 739
v 0.315161 1.253946 1.140438 0.373758 0.136381 0.044744
v 0.243616 1.245161 1.103293 0.373758 0.136381 0.044744
v 0.282002 1.140254 0.981622 0.373758 0.136381 0.044744
v 0.318294 1.136704 1.043583 0.373758 0.136381 0.044744
f 740 741 742 743
v 0.243616 1.245161 1.103293 0.373758 0.136381 0.044744
v 0.237846 1.245865 0.906982 0.373758 0.136381 0.044744
v 0.267120 1.142952 0.865152 0.373758 0.136381 0.044744
v 0.282002 1.140254 0.981622 0.373758 0.136381 0.044744
f 744 745 746 747
v 0.311725 1.549062 1.355912 0.373758 0.136381 0.044744
v 0.213795 1.404252 1.258630 0.373758 0.136381 0.044744
v 0.309526 1.406299 1.262122 0.373758 0.136381 0.044744
f 748 749 750
v 0.376159 2.238169 2.057383 0.373758 0.136381 0.044744
v 0.394100 2.127346 2.071976 0.373758 0.136381 0.044744
v 0.425601 2.116597 1.913747 0.373758 0.136381 0.044744
v 0.438061 2.224208 1.894750 0.373758 0.136381 0.044744
f 751 752 753 754
v 0.231364 1.308948 -0.987422 0.373758 0.136381 0.044744
v 0.395665 1.312266 -0.959249 0.373758 0.136381 0.044744
v 0.388382 1.137520 -0.983938 0.373758 0.136381 0.044744
v 0.252439 1.137146 -1.007416 0.373758 0.136381 0.044744
f 755 756 757 758
v 0.173882 1.259131 -0.808122 0.373758 0.136381 0.044744
v 0.231364 1.308948 -0.987422 0.373758 0.136381 0.044744
v 0.252439 1.137146 -1.007416 0.373758 0.136381 0.044744
v 0.201155 1.100724 -0.863664 0.373758 0.136381 0.044744
f 759 760 761 762
v 0.201155 1.100724 -0.863664 0.373758 0.136381 0.044744
v 0.220455 1.016159 -0.713558 0.373758 0.136381 0.044744
v 0.189193 1.143918 -0.578209 0.373758 0.136381 0.044744
v 0.173882 1.259131 -0.808122 0.373758 0.136381 0.044744
f 763 764 765 766
v 0.220455 1.016159 -0.713558 0.373758 0.136381 0.044744
v 0.308495 1.001871 -0.620081 0.373758 0.136381 0.044744
v 0.308011 1.141457 -0.451296 0.373758 0.136381 0.044744
v 0.189193 1.143918 -0.578209 0.373758 0.136381 0.044744
f 767 768 769 770
v 0.308495 1.001871 -0.620081 0.373758 0.136381 0.044744
v 0.412676 1.004629 -0.646444 0.373758 0.136381 0.044744
v 0.438683 1.150258 -0.493846 0.373758 0.136381 0.044744
v 0.308011 1.141457 -0.451296 0.373758 0.136381 0.044744
f 771 772 773 774
v 0.453817 1.098347 -0.863842 0.373758 0.136381 0.044744
v 0.388382 1.137520 -0.983938 0.373758 0.136381 0.044744
v 0.395665 1.312266 -0.959249 0.373758 0.136381 0.044744
v 0.474515 1.264501 -0.801999 0.373758 0.136381 0.044744
f 775 776 777 778
v 0.474515 1.264501 -0.801999 0.373758 0.136381 0.044744
v 0.487565 1.185731 -0.584284 0.373758 0.136381 0.044744
v 0.464422 1.038003 -0.712674 0.373758 0.136381 0.044744
v 0.453817 1.098347 -0.863842 0.373758 0.136381 0.044744
f 779 780 781 782
v 0.487565 1.185731 -0.584284 0.373758 0.136381 0.044744
v 0.438683 1.150258 -0.493846 0.373758 0.136381 0.044744
v 0.412676 1.004629 -0.646444 0.373758 0.136381 0.044744
v 0.464422 1.038003 -0.712674 0.373758 0.136381 0.044744
f 783 784 785 786
v 0.218254 1.546115 -1.005728 0.373758 0.136381 0.044744
v 0.401386 1.482226 -0.950676 0.373758 0.136381 0.044744
v 0.395665 1.312266 -0.959249 0.373758 0.136381 0.044744
v 0.231364 1.308948 -0.987422 0.373758 0.136381 0.044744
f 787 788 789 790
v 0.307992 1.325189 -0.306482 0.373758 0.136381 0.044744
v 0.464133 1.403896 -0.293571 0.373758 0.136381 0.044744
v 0.312241 1.524383 -0.157392 0.373758 0.136381 0.044744
f 791 792 793
v 0.307992 1.325189 -0.306482 0.373758 0.136381 0.044744
v 0.194662 1.355965 -0.350726 0.373758 0.136381 0.044744
v 0.189193 1.143918 -0.578209 0.373758 0.136381 0.044744
v 0.308011 1.141457 -0.451296 0.373758 0.136381 0.044744
f 794 795 796 797
v 0.266592 2.242927 2.246611 0.373758 0.136381 0.044744
v 0.261268 2.093257 2.320108 0.373758 0.136381 0.044744
v 0.288461 2.150950 2.245793 0.373758 0.136381 0.044744
v 0.290880 2.194787 2.228701 0.373758 0.136381 0.044744
f 798 799 800 801
v 0.290880 2.194787 2.228701 0.373758 0.136381 0.044744
v 0.288461 2.150950 2.245793 0.373758 0.136381 0.044744
v 0.290912 2.157570 2.224705 0.373758 0.136381 0.044744
v 0.290002 2.187665 2.215718 0.373758 0.136381 0.044744
f 802 803 804 805
v 0.288461 2.150950 2.245793 0.373758 0.136381 0.044744
v 0.331689 2.147265 2.178309 0.373758 0.136381 0.044744
v 0.322709 2.156618 2.170714 0.373758 0.136381 0.044744
v 0.290912 2.157570 2.224705 0.373758 0.136381 0.044744
f 806 807 808 809
v 0.330649 2.257084 2.154676 0.373758 0.136381 0.044744
v 0.266592 2.242927 2.246611 0.373758 0.136381 0.044744
v 0.290880 2.194787 2.228701 0.373758 0.136381 0.044744
v 0.329646 2.246150 2.159121 0.373758 0.136381 0.044744
f 810 811 812 813
v 0.261268 2.093257 2.320108 0.373758 0.136381 0.044744
v 0.330481 2.135649 2.182751 0.373758 0.136381 0.044744
v 0.331689 2.147265 2.178309 0.373758 0.136381 0.044744
v 0.288461 2.150950 2.245793 0.373758 0.136381 0.044744
f 814 815 816 817
v 0.394100 2.127346 2.071976 0.373758 0.136381 0.044744
v 0.376159 2.238169 2.057383 0.373758 0.136381 0.044744
v 0.358533 2.217899 2.100820 0.373758 0.136381 0.044744
v 0.366660 2.162659 2.108135 0.373758 0.136381 0.044744
f 818 819 820 821
v 0.330481 2.135649 2.182751 0.373758 0.136381 0.044744
v 0.394100 2.127346 2.071976 0.373758 0.136381 0.044744
v 0.366660 2.162659 2.108135 0.373758 0.136381 0.044744
v 0.331689 2.147265 2.178309 0.373758 0.136381 0.044744
f 822 823 824 825
v 0.358533 2.217899 2.100820 0.373758 0.136381 0.044744
v 0.329646 2.246150 2.159121 0.373758 0.136381 0.044744
v 0.326492 2.231928 2.162233 0.373758 0.136381 0.044744
v 0.340271 2.208113 2.118765 0.373758 0.136381 0.044744
f 826 827 828 829
v 0.329646 2.246150 2.159121 0.373758 0.136381 0.044744
v 0.290880 2.194787 2.228701 0.373758 0.136381 0.044744
v 0.290002 2.187665 2.215718 0.373758 0.136381 0.044744
v 0.326492 2.231928 2.162233 0.373758 0.136381 0.044744
f 830 831 832 833
v 0.331689 2.147265 2.178309 0.373758 0.136381 0.044744
v 0.366660 2.162659 2.108135 0.373758 0.136381 0.044744
v 0.345879 2.167024 2.124272 0.373758 0.136381 0.044744
v 0.322709 2.156618 2.170714 0.373758 0.136381 0.044744
f 834 835 836 837
v 0.366660 2.162659 2.108135 0.373758 0.136381 0.044744
v 0.358533 2.217899 2.100820 0.373758 0.136381 0.044744
v 0.340271 2.208113 2.118765 0.373758 0.136381 0.044744
v 0.345879 2.167024 2.124272 0.373758 0.136381 0.044744
f 838 839 840 841
v 0.405076 1.378807 1.163710 0.373758 0.136381 0.044744
v 0.309526 1.406299 1.262122 0.373758 0.136381 0.044744
v 0.315161 1.253946 1.140438 0.373758 0.136381 0.044744
v 0.382149 1.258433 1.097079 0.373758 0.136381 0.044744
f 842 843 844 845
v 0.433832 1.262653 1.019431 0.373758 0.136381 0.044744
v 0.382149 1.258433 1.097079 0.373758 0.136381 0.044744
v 0.374681 1.136664 1.022773 0.373758 0.136381 0.044744
v 0.406792 1.137610 0.954300 0.373758 0.136381 0.044744
f 846 847 848 849
v -0.000001 1.554099 -2.017640 0.373758 0.136381 0.044744
v 0.000001 1.696097 -1.853592 0.373758 0.136381 0.044744
v 0.169940 1.682718 -1.832531 0.373758 0.136381 0.044744
v 0.164774 1.536258 -1.996635 0.373758 0.136381 0.044744
f 850 851 852 853
v 0.282002 1.140254 0.981622 0.373758 0.136381 0.044744
v 0.280388 1.088533 0.977658 0.373758 0.136381 0.044744
v 0.317825 1.087429 1.038571 0.373758 0.136381 0.044744
v 0.318294 1.136704 1.043583 0.373758 0.136381 0.044744
f 854 855 856 857
v 0.318294 1.136704 1.043583 0.373758 0.136381 0.044744
v 0.317825 1.087429 1.038571 0.373758 0.136381 0.044744
v 0.374451 1.085979 1.020728 0.373758 0.136381 0.044744
v 0.374681 1.136664 1.022773 0.373758 0.136381 0.044744
f 858 859 860 861
v 0.406792 1.137610 0.954300 0.373758 0.136381 0.044744
v 0.406492 1.084197 0.954633 0.373758 0.136381 0.044744
v 0.415009 1.075634 0.846501 0.373758 0.136381 0.044744
v 0.418752 1.134245 0.843247 0.373758 0.136381 0.044744
f 862 863 864 865
v 0.267120 1.142952 0.865152 0.373758 0.136381 0.044744
v 0.265771 1.084643 0.863512 0.373758 0.136381 0.044744
v 0.280388 1.088533 0.977658 0.373758 0.136381 0.044744
v 0.282002 1.140254 0.981622 0.373758 0.136381 0.044744
f 866 867 868 869
v 0.418752 1.134245 0.843247 0.373758 0.136381 0.044744
v 0.415009 1.075634 0.846501 0.373758 0.136381 0.044744
v 0.373489 1.089032 0.745319 0.373758 0.136381 0.044744
v 0.375899 1.152088 0.736450 0.373758 0.136381 0.044744
f 870 871 872 873
v 0.286943 1.152082 0.731470 0.373758 0.136381 0.044744
v 0.288957 1.088604 0.738688 0.373758 0.136381 0.044744
v 0.265771 1.084643 0.863512 0.373758 0.136381 0.044744
v 0.267120 1.142952 0.865152 0.373758 0.136381 0.044744
f 874 875 876 877
v 0.374681 1.136664 1.022773 0.373758 0.136381 0.044744
v 0.374451 1.085979 1.020728 0.373758 0.136381 0.044744
v 0.406492 1.084197 0.954633 0.373758 0.136381 0.044744
v 0.406792 1.137610 0.954300 0.373758 0.136381 0.044744
f 878 879 880 881
v 0.286943 1.152082 0.731470 0.373758 0.136381 0.044744
v 0.375899 1.152088 0.736450 0.373758 0.136381 0.044744
v 0.373489 1.089032 0.745319 0.373758 0.136381 0.044744
v 0.288957 1.088604 0.738688 0.373758 0.136381 0.044744
f 882 883 884 885
v -0.154208 2.345795 -0.399591 0.373758 0.136381 0.044744
v -0.152850 2.331134 -0.124706 0.373758 0.136381 0.044744
v -0.000000 2.365164 -0.112676 0.373758 0.136381 0.044744
v -0.000000 2.380098 -0.398114 0.373758 0.136381 0.044744
f 886 887 888 889
v -0.154208 2.345795 -0.399591 0.373758 0.136381 0.044744
v -0.245393 2.252309 -0.404628 0.373758 0.136381 0.044744
v -0.231054 2.249961 -0.128843 0.373758 0.136381 0.044744
v -0.152850 2.331134 -0.124706 0.373758 0.136381 0.044744
f 890 891 892 893
v -0.341997 2.064963 -0.135855 0.373758 0.136381 0.044744
v -0.398435 1.939148 -0.288378 0.373758 0.136381 0.044744
v -0.455730 1.781772 -0.227917 0.373758 0.136381 0.044744
v -0.368879 1.873302 -0.065483 0.373758 0.136381 0.044744
f 894 895 896 897
v -0.098943 2.282201 -0.749453 0.373758 0.136381 0.044744
v -0.211257 2.194582 -0.743660 0.373758 0.136381 0.044744
v -0.245393 2.252309 -0.404628 0.373758 0.136381 0.044744
v -0.154208 2.345795 -0.399591 0.373758 0.136381 0.044744
f 898 899 900 901
v -0.292330 2.067941 0.076729 0.373758 0.136381 0.044744
v -0.341997 2.064963 -0.135855 0.373758 0.136381 0.044744
v -0.368879 1.873302 -0.065483 0.373758 0.136381 0.044744
v -0.339860 1.913615 0.090110 0.373758 0.136381 0.044744
f 902 903 904 905
v -0.292330 2.067941 0.076729 0.373758 0.136381 0.044744
v -0.225233 2.239573 0.062546 0.373758 0.136381 0.044744
v -0.231054 2.249961 -0.128843 0.373758 0.136381 0.044744
v -0.341997 2.064963 -0.135855 0.373758 0.136381 0.044744
f 906 907 908 909
v -0.154728 2.311932 0.068979 0.373758 0.136381 0.044744
v -0.225233 2.239573 0.062546 0.373758 0.136381 0.044744
v -0.219359 2.211954 0.316332 0.373758 0.136381 0.044744
v -0.141067 2.279530 0.324307 0.373758 0.136381 0.044744
f 910 911 912 913
v -0.293505 2.065411 0.337428 0.373758 0.136381 0.044744
v -0.219359 2.211954 0.316332 0.373758 0.136381 0.044744
v -0.225233 2.239573 0.062546 0.373758 0.136381 0.044744
v -0.292330 2.067941 0.076729 0.373758 0.136381 0.044744
f 914 915 916 917
v -0.293505 2.065411 0.337428 0.373758 0.136381 0.044744
v -0.292330 2.067941 0.076729 0.373758 0.136381 0.044744
v -0.339860 1.913615 0.090110 0.373758 0.136381 0.044744
v -0.350257 1.883510 0.368165 0.373758 0.136381 0.044744
f 918 919 920 921
v -0.154728 2.311932 0.068979 0.373758 0.136381 0.044744
v -0.000000 2.337813 0.078319 0.373758 0.136381 0.044744
v -0.000000 2.365164 -0.112676 0.373758 0.136381 0.044744
v -0.152850 2.331134 -0.124706 0.373758 0.136381 0.044744
f 922 923 924 925
v -0.141067 2.279530 0.324307 0.373758 0.136381 0.044744
v -0.000000 2.308792 0.331795 0.373758 0.136381 0.044744
v -0.000000 2.337813 0.078319 0.373758 0.136381 0.044744
v -0.154728 2.311932 0.068979 0.373758 0.136381 0.044744
f 926 927 928 929
v -0.154728 2.311932 0.068979 0.373758 0.136381 0.044744
v -0.152850 2.331134 -0.124706 0.373758 0.136381 0.044744
v -0.231054 2.249961 -0.128843 0.373758 0.136381 0.044744
v -0.225233 2.239573 0.062546 0.373758 0.136381 0.044744
f 930 931 932 933
v -0.346141 2.018626 0.875676 0.373758 0.136381 0.044744
v -0.320152 2.052054 0.620437 0.373758 0.136381 0.044744
v -0.375976 1.814253 0.729901 0.373758 0.136381 0.044744
v -0.423329 1.801110 0.910380 0.373758 0.136381 0.044744
f 934 935 936 937
v -0.136391 2.256440 0.581347 0.373758 0.136381 0.044744
v -0.141067 2.279530 0.324307 0.373758 0.136381 0.044744
v -0.219359 2.211954 0.316332 0.373758 0.136381 0.044744
v -0.235382 2.181438 0.582080 0.373758 0.136381 0.044744
f 938 939 940 941
v -0.143188 2.225630 1.016479 0.373758 0.136381 0.044744
v -0.275375 2.152755 1.026717 0.373758 0.136381 0.044744
v -0.205332 2.158718 1.238338 0.373758 0.136381 0.044744
v -0.131194 2.224774 1.218280 0.373758 0.136381 0.044744
f 942 943 944 945
v -0.131194 2.224774 1.218280 0.373758 0.136381 0.044744
v -0.082788 2.285559 1.527674 0.373758 0.136381 0.044744
v 0.026066 2.315606 1.509584 0.373758 0.136381 0.044744
v 0.005845 2.263888 1.199984 0.373758 0.136381 0.044744
f 946 947 948 949
v -0.131194 2.224774 1.218280 0.373758 0.136381 0.044744
v -0.205332 2.158718 1.238338 0.373758 0.136381 0.044744
v -0.192197 2.198681 1.542831 0.373758 0.136381 0.044744
v -0.082788 2.285559 1.527674 0.373758 0.136381 0.044744
f 950 951 952 953
v -0.320152 2.052054 0.620437 0.373758 0.136381 0.044744
v -0.235382 2.181438 0.582080 0.373758 0.136381 0.044744
v -0.219359 2.211954 0.316332 0.373758 0.136381 0.044744
v -0.293505 2.065411 0.337428 0.373758 0.136381 0.044744
f 954 955 956 957
v -0.140776 2.242178 0.838454 0.373758 0.136381 0.044744
v -0.136391 2.256440 0.581347 0.373758 0.136381 0.044744
v -0.235382 2.181438 0.582080 0.373758 0.136381 0.044744
v -0.231123 2.166850 0.849219 0.373758 0.136381 0.044744
f 958 959 960 961
v -0.346141 2.018626 0.875676 0.373758 0.136381 0.044744
v -0.231123 2.166850 0.849219 0.373758 0.136381 0.044744
v -0.235382 2.181438 0.582080 0.373758 0.136381 0.044744
v -0.320152 2.052054 0.620437 0.373758 0.136381 0.044744
f 962 963 964 965
v -0.320152 2.052054 0.620437 0.373758 0.136381 0.044744
v -0.293505 2.065411 0.337428 0.373758 0.136381 0.044744
v -0.350257 1.883510 0.368165 0.373758 0.136381 0.044744
v -0.375976 1.814253 0.729901 0.373758 0.136381 0.044744
f 966 967 968 969
v -0.140776 2.242178 0.838454 0.373758 0.136381 0.044744
v -0.000751 2.280979 0.833381 0.373758 0.136381 0.044744
v -0.000218 2.290880 0.583211 0.373758 0.136381 0.044744
v -0.136391 2.256440 0.581347 0.373758 0.136381 0.044744
f 970 971 972 973
v -0.082788 2.285559 1.527674 0.373758 0.136381 0.044744
v -0.192197 2.198681 1.542831 0.373758 0.136381 0.044744
v -0.224212 2.257391 1.747105 0.373758 0.136381 0.044744
v -0.103502 2.347400 1.710919 0.373758 0.136381 0.044744
f 974 975 976 977
v -0.143188 2.225630 1.016479 0.373758 0.136381 0.044744
v -0.131194 2.224774 1.218280 0.373758 0.136381 0.044744
v 0.005845 2.263888 1.199984 0.373758 0.136381 0.044744
v -0.001147 2.278127 1.006567 0.373758 0.136381 0.044744
f 978 979 980 981
v -0.374983 2.009558 1.050659 0.373758 0.136381 0.044744
v -0.418657 1.790196 1.083140 0.373758 0.136381 0.044744
v -0.371362 1.829031 1.279904 0.373758 0.136381 0.044744
v -0.305993 2.021834 1.262952 0.373758 0.136381 0.044744
f 982 983 984 985
v -0.305993 2.021834 1.262952 0.373758 0.136381 0.044744
v -0.241260 2.074075 1.577297 0.373758 0.136381 0.044744
v -0.192197 2.198681 1.542831 0.373758 0.136381 0.044744
v -0.205332 2.158718 1.238338 0.373758 0.136381 0.044744
f 986 987 988 989
v -0.305993 2.021834 1.262952 0.373758 0.136381 0.044744
v -0.371362 1.829031 1.279904 0.373758 0.136381 0.044744
v -0.268418 1.958121 1.595045 0.373758 0.136381 0.044744
v -0.241260 2.074075 1.577297 0.373758 0.136381 0.044744
f 990 991 992 993
v -0.249488 1.922826 1.947569 0.373758 0.136381 0.044744
v -0.285183 2.089090 1.967042 0.373758 0.136381 0.044744
v -0.259119 2.043798 1.839646 0.373758 0.136381 0.044744
v -0.264352 1.915178 1.860364 0.373758 0.136381 0.044744
f 994 995 996 997
v -0.224212 2.257391 1.747105 0.373758 0.136381 0.044744
v -0.192197 2.198681 1.542831 0.373758 0.136381 0.044744
v -0.241260 2.074075 1.577297 0.373758 0.136381 0.044744
v -0.263934 2.179296 1.789779 0.373758 0.136381 0.044744
f 998 999 1000 1001
v -0.268418 1.958121 1.595045 0.373758 0.136381 0.044744
v -0.242900 1.759092 1.657122 0.373758 0.136381 0.044744
v -0.264352 1.915178 1.860364 0.373758 0.136381 0.044744
v -0.259119 2.043798 1.839646 0.373758 0.136381 0.044744
f 1002 1003 1004 1005
v -0.241260 2.074075 1.577297 0.373758 0.136381 0.044744
v -0.268418 1.958121 1.595045 0.373758 0.136381 0.044744
v -0.259119 2.043798 1.839646 0.373758 0.136381 0.044744
v -0.263934 2.179296 1.789779 0.373758 0.136381 0.044744
f 1006 1007 1008 1009
v -0.250573 1.841831 -0.998319 0.373758 0.136381 0.044744
v -0.391932 1.792026 -0.905498 0.373758 0.136381 0.044744
v -0.345363 1.924274 -0.862050 0.373758 0.136381 0.044744
v -0.224694 2.014818 -0.940392 0.373758 0.136381 0.044744
f 1010 1011 1012 1013
v -0.218254 1.546115 -1.005728 0.373758 0.136381 0.044744
v -0.401386 1.482227 -0.950676 0.373758 0.136381 0.044744
v -0.407919 1.644417 -0.942001 0.373758 0.136381 0.044744
v -0.247351 1.711441 -1.033585 0.373758 0.136381 0.044744
f 1014 1015 1016 1017
v -0.220455 1.016159 -0.713558 0.373758 0.136381 0.044744
v -0.243796 0.895019 -0.876514 0.373758 0.136381 0.044744
v -0.231685 0.936875 -1.032637 0.373758 0.136381 0.044744
v -0.201155 1.100725 -0.863664 0.373758 0.136381 0.044744
f 1018 1019 1020 1021
v -0.280847 2.103329 -0.730427 0.373758 0.136381 0.044744
v -0.315198 2.148515 -0.414935 0.373758 0.136381 0.044744
v -0.245393 2.252309 -0.404628 0.373758 0.136381 0.044744
v -0.211257 2.194582 -0.743660 0.373758 0.136381 0.044744
f 1022 1023 1024 1025
v -0.224694 2.014818 -0.940392 0.373758 0.136381 0.044744
v -0.345363 1.924274 -0.862050 0.373758 0.136381 0.044744
v -0.360361 1.982780 -0.720953 0.373758 0.136381 0.044744
v -0.280847 2.103329 -0.730427 0.373758 0.136381 0.044744
f 1026 1027 1028 1029
v -0.247351 1.711441 -1.033585 0.373758 0.136381 0.044744
v -0.407919 1.644417 -0.942001 0.373758 0.136381 0.044744
v -0.391932 1.792026 -0.905498 0.373758 0.136381 0.044744
v -0.250573 1.841831 -0.998319 0.373758 0.136381 0.044744
f 1030 1031 1032 1033
v -0.119256 2.007035 -1.028698 0.373758 0.136381 0.044744
v -0.224694 2.014818 -0.940392 0.373758 0.136381 0.044744
v -0.176546 2.118016 -0.910031 0.373758 0.136381 0.044744
v -0.083272 2.199655 -1.045509 0.373758 0.136381 0.044744
f 1034 1035 1036 1037
v -0.119256 2.007035 -1.028698 0.373758 0.136381 0.044744
v -0.107712 1.928293 -1.047472 0.373758 0.136381 0.044744
v -0.250573 1.841831 -0.998319 0.373758 0.136381 0.044744
v -0.224694 2.014818 -0.940392 0.373758 0.136381 0.044744
f 1038 1039 1040 1041
v -0.098943 2.282201 -0.749453 0.373758 0.136381 0.044744
v -0.083272 2.199655 -1.045509 0.373758 0.136381 0.044744
v -0.176546 2.118016 -0.910031 0.373758 0.136381 0.044744
v -0.211257 2.194582 -0.743660 0.373758 0.136381 0.044744
f 1042 1043 1044 1045
v -0.098943 2.282201 -0.749453 0.373758 0.136381 0.044744
v -0.000000 2.314938 -0.749779 0.373758 0.136381 0.044744
v -0.000000 2.236681 -1.071507 0.373758 0.136381 0.044744
v -0.083272 2.199655 -1.045509 0.373758 0.136381 0.044744
f 1046 1047 1048 1049
v -0.315198 2.148515 -0.414935 0.373758 0.136381 0.044744
v -0.341997 2.064963 -0.135855 0.373758 0.136381 0.044744
v -0.231054 2.249961 -0.128843 0.373758 0.136381 0.044744
v -0.245393 2.252309 -0.404628 0.373758 0.136381 0.044744
f 1050 1051 1052 1053
v -0.384948 1.651635 -0.081606 0.373758 0.136381 0.044744
v -0.477824 1.590908 -0.210277 0.373758 0.136381 0.044744
v -0.464133 1.403896 -0.293571 0.373758 0.136381 0.044744
v -0.312241 1.524383 -0.157392 0.373758 0.136381 0.044744
f 1054 1055 1056 1057
v -0.201155 1.100725 -0.863664 0.373758 0.136381 0.044744
v -0.231685 0.936875 -1.032637 0.373758 0.136381 0.044744
v -0.271649 0.964085 -1.139692 0.373758 0.136381 0.044744
v -0.252439 1.137146 -1.007416 0.373758 0.136381 0.044744
f 1058 1059 1060 1061
v -0.280847 2.103329 -0.730427 0.373758 0.136381 0.044744
v -0.211257 2.194582 -0.743660 0.373758 0.136381 0.044744
v -0.176546 2.118016 -0.910031 0.373758 0.136381 0.044744
v -0.224694 2.014818 -0.940392 0.373758 0.136381 0.044744
f 1062 1063 1064 1065
v -0.110872 2.413917 1.878717 0.373758 0.136381 0.044744
v -0.103502 2.347400 1.710919 0.373758 0.136381 0.044744
v -0.224212 2.257391 1.747105 0.373758 0.136381 0.044744
v -0.241004 2.321310 1.882091 0.373758 0.136381 0.044744
f 1066 1067 1068 1069
v -0.110872 2.413917 1.878717 0.373758 0.136381 0.044744
v 0.057780 2.424573 1.852796 0.373758 0.136381 0.044744
v 0.045469 2.375541 1.696935 0.373758 0.136381 0.044744
v -0.103502 2.347400 1.710919 0.373758 0.136381 0.044744
f 1070 1071 1072 1073
v -0.110872 2.413917 1.878717 0.373758 0.136381 0.044744
v -0.092984 2.442651 1.972085 0.373758 0.136381 0.044744
v 0.063266 2.451024 1.969646 0.373758 0.136381 0.044744
v 0.057780 2.424573 1.852796 0.373758 0.136381 0.044744
f 1074 1075 1076 1077
v -0.110872 2.413917 1.878717 0.373758 0.136381 0.044744
v -0.241004 2.321310 1.882091 0.373758 0.136381 0.044744
v -0.092984 2.442651 1.972085 0.373758 0.136381 0.044744
f 1078 1079 1080
v -0.374983 2.009558 1.050659 0.373758 0.136381 0.044744
v -0.305993 2.021834 1.262952 0.373758 0.136381 0.044744
v -0.205332 2.158718 1.238338 0.373758 0.136381 0.044744
v -0.275375 2.152755 1.026717 0.373758 0.136381 0.044744
f 1081 1082 1083 1084
v -0.252080 1.358161 0.725648 0.373758 0.136381 0.044744
v -0.400450 1.368284 0.787123 0.373758 0.136381 0.044744
v -0.406627 1.529302 0.781947 0.373758 0.136381 0.044744
v -0.341720 1.545703 0.728818 0.373758 0.136381 0.044744
f 1085 1086 1087 1088
v -0.308024 1.553684 1.370161 0.373758 0.136381 0.044744
v -0.242900 1.759092 1.657122 0.373758 0.136381 0.044744
v -0.268418 1.958121 1.595045 0.373758 0.136381 0.044744
v -0.371362 1.829031 1.279904 0.373758 0.136381 0.044744
f 1089 1090 1091 1092
v -0.318460 1.587125 0.416223 0.373758 0.136381 0.044744
v -0.341720 1.545703 0.728818 0.373758 0.136381 0.044744
v -0.375976 1.814253 0.729901 0.373758 0.136381 0.044744
v -0.350257 1.883510 0.368165 0.373758 0.136381 0.044744
f 1093 1094 1095 1096
v -0.316559 1.629832 0.046535 0.373758 0.136381 0.044744
v -0.318460 1.587125 0.416223 0.373758 0.136381 0.044744
v -0.350257 1.883510 0.368165 0.373758 0.136381 0.044744
v -0.339860 1.913615 0.090110 0.373758 0.136381 0.044744
f 1097 1098 1099 1100
v -0.136391 2.256440 0.581347 0.373758 0.136381 0.044744
v -0.000218 2.290880 0.583211 0.373758 0.136381 0.044744
v -0.000000 2.308792 0.331795 0.373758 0.136381 0.044744
v -0.141067 2.279530 0.324307 0.373758 0.136381 0.044744
f 1101 1102 1103 1104
v -0.316559 1.629832 0.046535 0.373758 0.136381 0.044744
v -0.339860 1.913615 0.090110 0.373758 0.136381 0.044744
v -0.368879 1.873302 -0.065483 0.373758 0.136381 0.044744
v -0.384948 1.651635 -0.081606 0.373758 0.136381 0.044744
f 1105 1106 1107 1108
v -0.146829 1.803396 -1.660075 0.373758 0.136381 0.044744
v -0.233045 1.623946 -1.509386 0.373758 0.136381 0.044744
v -0.200143 1.751801 -1.356125 0.373758 0.136381 0.044744
v -0.114980 1.938551 -1.485617 0.373758 0.136381 0.044744
f 1109 1110 1111 1112
v -0.167459 1.865256 -1.243290 0.373758 0.136381 0.044744
v -0.200143 1.751801 -1.356125 0.373758 0.136381 0.044744
v -0.146989 1.618599 -1.303950 0.373758 0.136381 0.044744
v -0.118866 1.735186 -1.195351 0.373758 0.136381 0.044744
f 1113 1114 1115 1116
v -0.233045 1.623946 -1.509386 0.373758 0.136381 0.044744
v -0.177815 1.476686 -1.442305 0.373758 0.136381 0.044744
v -0.146989 1.618599 -1.303950 0.373758 0.136381 0.044744
v -0.200143 1.751801 -1.356125 0.373758 0.136381 0.044744
f 1117 1118 1119 1120
v -0.119256 2.007035 -1.028698 0.373758 0.136381 0.044744
v -0.145416 1.960375 -1.139687 0.373758 0.136381 0.044744
v -0.108828 1.862107 -1.115120 0.373758 0.136381 0.044744
v -0.107712 1.928293 -1.047472 0.373758 0.136381 0.044744
f 1121 1122 1123 1124
v -0.167459 1.865256 -1.243290 0.373758 0.136381 0.044744
v -0.118866 1.735186 -1.195351 0.373758 0.136381 0.044744
v -0.108828 1.862107 -1.115120 0.373758 0.136381 0.044744
v -0.145416 1.960375 -1.139687 0.373758 0.136381 0.044744
f 1125 1126 1127 1128
v -0.083272 2.199655 -1.045509 0.373758 0.136381 0.044744
v -0.101244 2.140560 -1.185881 0.373758 0.136381 0.044744
v -0.145416 1.960375 -1.139687 0.373758 0.136381 0.044744
v -0.119256 2.007035 -1.028698 0.373758 0.136381 0.044744
f 1129 1130 1131 1132
v -0.096119 2.052632 -1.324825 0.373758 0.136381 0.044744
v -0.167459 1.865256 -1.243290 0.373758 0.136381 0.044744
v -0.145416 1.960375 -1.139687 0.373758 0.136381 0.044744
v -0.101244 2.140560 -1.185881 0.373758 0.136381 0.044744
f 1133 1134 1135 1136
v -0.233045 1.623946 -1.509386 0.373758 0.136381 0.044744
v -0.247331 1.489858 -1.656900 0.373758 0.136381 0.044744
v -0.198112 1.333627 -1.588850 0.373758 0.136381 0.044744
v -0.177815 1.476686 -1.442305 0.373758 0.136381 0.044744
f 1137 1138 1139 1140
v -0.118866 1.735186 -1.195351 0.373758 0.136381 0.044744
v 0.000000 1.712424 -1.195051 0.373758 0.136381 0.044744
v -0.000000 1.827039 -1.110020 0.373758 0.136381 0.044744
v -0.108828 1.862107 -1.115120 0.373758 0.136381 0.044744
f 1141 1142 1143 1144
v -0.000000 2.236681 -1.071507 0.373758 0.136381 0.044744
v -0.000000 2.161048 -1.190007 0.373758 0.136381 0.044744
v -0.101244 2.140560 -1.185881 0.373758 0.136381 0.044744
v -0.083272 2.199655 -1.045509 0.373758 0.136381 0.044744
f 1145 1146 1147 1148
v 0.000000 2.068754 -1.340371 0.373758 0.136381 0.044744
v -0.096119 2.052632 -1.324825 0.373758 0.136381 0.044744
v -0.101244 2.140560 -1.185881 0.373758 0.136381 0.044744
v -0.000000 2.161048 -1.190007 0.373758 0.136381 0.044744
f 1149 1150 1151 1152
v 0.000002 1.820081 -1.683941 0.373758 0.136381 0.044744
v 0.000001 1.696097 -1.853592 0.373758 0.136381 0.044744
v -0.169939 1.682722 -1.832531 0.373758 0.136381 0.044744
v -0.146829 1.803396 -1.660075 0.373758 0.136381 0.044744
f 1153 1154 1155 1156
v -0.249366 1.350782 -1.834218 0.373758 0.136381 0.044744
v -0.251354 1.234872 -2.021389 0.373758 0.136381 0.044744
v -0.236575 1.101535 -1.917786 0.373758 0.136381 0.044744
v -0.217435 1.210040 -1.745335 0.373758 0.136381 0.044744
f 1157 1158 1159 1160
v -0.177815 1.476686 -1.442305 0.373758 0.136381 0.044744
v -0.198112 1.333627 -1.588850 0.373758 0.136381 0.044744
v -0.000005 1.278890 -1.567122 0.373758 0.136381 0.044744
v -0.000002 1.429472 -1.421913 0.373758 0.136381 0.044744
f 1161 1162 1163 1164
v -0.164777 1.536263 -1.996635 0.373758 0.136381 0.044744
v -0.249366 1.350782 -1.834218 0.373758 0.136381 0.044744
v -0.247331 1.489858 -1.656900 0.373758 0.136381 0.044744
v -0.169939 1.682722 -1.832531 0.373758 0.136381 0.044744
f 1165 1166 1167 1168
v -0.118866 1.735186 -1.195351 0.373758 0.136381 0.044744
v -0.146989 1.618599 -1.303950 0.373758 0.136381 0.044744
v -0.000000 1.586280 -1.289319 0.373758 0.136381 0.044744
v 0.000000 1.712424 -1.195051 0.373758 0.136381 0.044744
f 1169 1170 1171 1172
v -0.177815 1.476686 -1.442305 0.373758 0.136381 0.044744
v -0.000002 1.429472 -1.421913 0.373758 0.136381 0.044744
v -0.000000 1.586280 -1.289319 0.373758 0.136381 0.044744
v -0.146989 1.618599 -1.303950 0.373758 0.136381 0.044744
f 1173 1174 1175 1176
v 0.000000 2.068754 -1.340371 0.373758 0.136381 0.044744
v 0.000001 1.954663 -1.505955 0.373758 0.136381 0.044744
v -0.114980 1.938551 -1.485617 0.373758 0.136381 0.044744
v -0.096119 2.052632 -1.324825 0.373758 0.136381 0.044744
f 1177 1178 1179 1180
v 0.000002 1.820081 -1.683941 0.373758 0.136381 0.044744
v -0.146829 1.803396 -1.660075 0.373758 0.136381 0.044744
v -0.114980 1.938551 -1.485617 0.373758 0.136381 0.044744
v 0.000001 1.954663 -1.505955 0.373758 0.136381 0.044744
f 1181 1182 1183 1184
v -0.160517 1.425017 -2.151295 0.373758 0.136381 0.044744
v -0.251354 1.234872 -2.021389 0.373758 0.136381 0.044744
v -0.249366 1.350782 -1.834218 0.373758 0.136381 0.044744
v -0.164777 1.536263 -1.996635 0.373758 0.136381 0.044744
f 1185 1186 1187 1188
v -0.217435 1.210040 -1.745335 0.373758 0.136381 0.044744
v -0.000007 1.157569 -1.725475 0.373758 0.136381 0.044744
v -0.000005 1.278890 -1.567122 0.373758 0.136381 0.044744
v -0.198112 1.333627 -1.588850 0.373758 0.136381 0.044744
f 1189 1190 1191 1192
v -0.236575 1.101535 -1.917786 0.373758 0.136381 0.044744
v -0.232225 0.992486 -2.149109 0.373758 0.136381 0.044744
v -0.000009 0.959562 -2.128671 0.373758 0.136381 0.044744
v -0.000008 1.053782 -1.894693 0.373758 0.136381 0.044744
f 1193 1194 1195 1196
v -0.247331 1.489858 -1.656900 0.373758 0.136381 0.044744
v -0.249366 1.350782 -1.834218 0.373758 0.136381 0.044744
v -0.217435 1.210040 -1.745335 0.373758 0.136381 0.044744
v -0.198112 1.333627 -1.588850 0.373758 0.136381 0.044744
f 1197 1198 1199 1200
v -0.146829 1.803396 -1.660075 0.373758 0.136381 0.044744
v -0.169939 1.682722 -1.832531 0.373758 0.136381 0.044744
v -0.247331 1.489858 -1.656900 0.373758 0.136381 0.044744
v -0.233045 1.623946 -1.509386 0.373758 0.136381 0.044744
f 1201 1202 1203 1204
v -0.000003 1.443625 -2.173802 0.373758 0.136381 0.044744
v -0.160517 1.425017 -2.151295 0.373758 0.136381 0.044744
v -0.164777 1.536263 -1.996635 0.373758 0.136381 0.044744
v -0.000001 1.554099 -2.017640 0.373758 0.136381 0.044744
f 1205 1206 1207 1208
v -0.160517 1.425017 -2.151295 0.373758 0.136381 0.044744
v -0.136329 1.296021 -2.328707 0.373758 0.136381 0.044744
v -0.218850 1.142236 -2.244539 0.373758 0.136381 0.044744
v -0.251354 1.234872 -2.021389 0.373758 0.136381 0.044744
f 1209 1210 1211 1212
v -0.236575 1.101535 -1.917786 0.373758 0.136381 0.044744
v -0.000008 1.053782 -1.894693 0.373758 0.136381 0.044744
v -0.000007 1.157569 -1.725475 0.373758 0.136381 0.044744
v -0.217435 1.210040 -1.745335 0.373758 0.136381 0.044744
f 1213 1214 1215 1216
v -0.000003 1.443625 -2.173802 0.373758 0.136381 0.044744
v -0.000004 1.320235 -2.336554 0.373758 0.136381 0.044744
v -0.136329 1.296021 -2.328707 0.373758 0.136381 0.044744
v -0.160517 1.425017 -2.151295 0.373758 0.136381 0.044744
f 1217 1218 1219 1220
v -0.251354 1.234872 -2.021389 0.373758 0.136381 0.044744
v -0.218850 1.142236 -2.244539 0.373758 0.136381 0.044744
v -0.232225 0.992486 -2.149109 0.373758 0.136381 0.044744
v -0.236575 1.101535 -1.917786 0.373758 0.136381 0.044744
f 1221 1222 1223 1224
v -0.107712 1.928293 -1.047472 0.373758 0.136381 0.044744
v -0.108828 1.862107 -1.115120 0.373758 0.136381 0.044744
v -0.000000 1.827039 -1.110020 0.373758 0.136381 0.044744
v -0.000000 1.903182 -1.062484 0.373758 0.136381 0.044744
f 1225 1226 1227 1228
v -0.241004 2.321310 1.882091 0.373758 0.136381 0.044744
v -0.314162 2.424689 1.971427 0.373758 0.136381 0.044744
v -0.179277 2.510779 2.030830 0.373758 0.136381 0.044744
v -0.092984 2.442651 1.972085 0.373758 0.136381 0.044744
f 1229 1230 1231 1232
v -0.076159 2.397298 2.147760 0.373758 0.136381 0.044744
v 0.072440 2.419046 2.177578 0.373758 0.136381 0.044744
v 0.063266 2.451024 1.969646 0.373758 0.136381 0.044744
v -0.092984 2.442651 1.972085 0.373758 0.136381 0.044744
f 1233 1234 1235 1236
v -0.076159 2.397298 2.147760 0.373758 0.136381 0.044744
v -0.050626 2.334128 2.235280 0.373758 0.136381 0.044744
v 0.077829 2.372808 2.232139 0.373758 0.136381 0.044744
v 0.072440 2.419046 2.177578 0.373758 0.136381 0.044744
f 1237 1238 1239 1240
v -0.076159 2.397298 2.147760 0.373758 0.136381 0.044744
v -0.136774 2.334341 2.196079 0.373758 0.136381 0.044744
v -0.103065 2.296864 2.226738 0.373758 0.136381 0.044744
v -0.050626 2.334128 2.235280 0.373758 0.136381 0.044744
f 1241 1242 1243 1244
v -0.306921 2.203604 1.955393 0.373758 0.136381 0.044744
v -0.263934 2.179296 1.789779 0.373758 0.136381 0.044744
v -0.259119 2.043798 1.839646 0.373758 0.136381 0.044744
v -0.285183 2.089090 1.967042 0.373758 0.136381 0.044744
f 1245 1246 1247 1248
v -0.306921 2.203604 1.955393 0.373758 0.136381 0.044744
v -0.241004 2.321310 1.882091 0.373758 0.136381 0.044744
v -0.224212 2.257391 1.747105 0.373758 0.136381 0.044744
v -0.263934 2.179296 1.789779 0.373758 0.136381 0.044744
f 1249 1250 1251 1252
v -0.306921 2.203604 1.955393 0.373758 0.136381 0.044744
v -0.225581 2.211841 2.101130 0.373758 0.136381 0.044744
v -0.213070 2.302717 2.106838 0.373758 0.136381 0.044744
f 1253 1254 1255
v -0.032381 2.273675 2.281647 0.373758 0.136381 0.044744
v -0.092856 2.225602 2.271905 0.373758 0.136381 0.044744
v -0.063298 2.077188 2.342726 0.373758 0.136381 0.044744
v -0.001473 2.204122 2.355811 0.373758 0.136381 0.044744
f 1256 1257 1258 1259
v -0.032381 2.273675 2.281647 0.373758 0.136381 0.044744
v -0.050626 2.334128 2.235280 0.373758 0.136381 0.044744
v -0.103065 2.296864 2.226738 0.373758 0.136381 0.044744
v -0.092856 2.225602 2.271905 0.373758 0.136381 0.044744
f 1260 1261 1262 1263
v -0.032381 2.273675 2.281647 0.373758 0.136381 0.044744
v 0.083435 2.315879 2.272146 0.373758 0.136381 0.044744
v 0.077829 2.372808 2.232139 0.373758 0.136381 0.044744
v -0.050626 2.334128 2.235280 0.373758 0.136381 0.044744
f 1264 1265 1266 1267
v -0.032381 2.273675 2.281647 0.373758 0.136381 0.044744
v -0.001473 2.204122 2.355811 0.373758 0.136381 0.044744
v 0.093295 2.227389 2.350771 0.373758 0.136381 0.044744
v 0.083435 2.315879 2.272146 0.373758 0.136381 0.044744
f 1268 1269 1270 1271
v 0.028943 2.132464 2.457013 0.373758 0.136381 0.044744
v -0.001473 2.204122 2.355811 0.373758 0.136381 0.044744
v -0.063298 2.077188 2.342726 0.373758 0.136381 0.044744
v -0.021171 2.045447 2.433312 0.373758 0.136381 0.044744
f 1272 1273 1274 1275
v 0.028943 2.132464 2.457013 0.373758 0.136381 0.044744
v 0.104498 2.144922 2.452945 0.373758 0.136381 0.044744
v 0.093295 2.227389 2.350771 0.373758 0.136381 0.044744
v -0.001473 2.204122 2.355811 0.373758 0.136381 0.044744
f 1276 1277 1278 1279
v 0.028943 2.132464 2.457013 0.373758 0.136381 0.044744
v 0.077083 2.080080 2.646145 0.373758 0.136381 0.044744
v 0.119692 2.080041 2.624882 0.373758 0.136381 0.044744
v 0.104498 2.144922 2.452945 0.373758 0.136381 0.044744
f 1280 1281 1282 1283
v 0.028943 2.132464 2.457013 0.373758 0.136381 0.044744
v -0.021171 2.045447 2.433312 0.373758 0.136381 0.044744
v 0.053367 2.023827 2.648452 0.373758 0.136381 0.044744
v 0.077083 2.080080 2.646145 0.373758 0.136381 0.044744
f 1284 1285 1286 1287
v -0.168582 2.235037 2.190864 0.373758 0.136381 0.044744
v -0.136774 2.334341 2.196079 0.373758 0.136381 0.044744
v -0.213070 2.302717 2.106838 0.373758 0.136381 0.044744
v -0.225581 2.211841 2.101130 0.373758 0.136381 0.044744
f 1288 1289 1290 1291
v -0.168582 2.235037 2.190864 0.373758 0.136381 0.044744
v -0.092856 2.225602 2.271905 0.373758 0.136381 0.044744
v -0.103065 2.296864 2.226738 0.373758 0.136381 0.044744
v -0.136774 2.334341 2.196079 0.373758 0.136381 0.044744
f 1292 1293 1294 1295
v -0.225581 2.211841 2.101130 0.373758 0.136381 0.044744
v -0.200635 2.192600 2.141034 0.373758 0.136381 0.044744
v -0.166282 2.223884 2.194878 0.373758 0.136381 0.044744
v -0.168582 2.235037 2.190864 0.373758 0.136381 0.044744
f 1296 1297 1298 1299
v -0.371362 1.829031 1.279904 0.373758 0.136381 0.044744
v -0.394442 1.522420 1.236568 0.373758 0.136381 0.044744
v -0.308024 1.553684 1.370161 0.373758 0.136381 0.044744
f 1300 1301 1302
v -0.098943 2.282201 -0.749453 0.373758 0.136381 0.044744
v -0.154208 2.345795 -0.399591 0.373758 0.136381 0.044744
v -0.000000 2.380098 -0.398114 0.373758 0.136381 0.044744
v -0.000000 2.314938 -0.749779 0.373758 0.136381 0.044744
f 1303 1304 1305 1306
v -0.096119 2.052632 -1.324825 0.373758 0.136381 0.044744
v -0.114980 1.938551 -1.485617 0.373758 0.136381 0.044744
v -0.200143 1.751801 -1.356125 0.373758 0.136381 0.044744
v -0.167459 1.865256 -1.243290 0.373758 0.136381 0.044744
f 1307 1308 1309 1310
v -0.306921 2.203604 1.955393 0.373758 0.136381 0.044744
v -0.373678 2.373022 2.005232 0.373758 0.136381 0.044744
v -0.314162 2.424689 1.971427 0.373758 0.136381 0.044744
v -0.241004 2.321310 1.882091 0.373758 0.136381 0.044744
f 1311 1312 1313 1314
v -0.314162 2.424689 1.971427 0.373758 0.136381 0.044744
v -0.354211 2.532667 2.047017 0.373758 0.136381 0.044744
v -0.251870 2.567036 2.075343 0.373758 0.136381 0.044744
v -0.179277 2.510779 2.030830 0.373758 0.136381 0.044744
f 1315 1316 1317 1318
v -0.172929 2.498248 2.168725 0.373758 0.136381 0.044744
v -0.242278 2.554318 2.182217 0.373758 0.136381 0.044744
v -0.266156 2.532188 2.250073 0.373758 0.136381 0.044744
v -0.214496 2.464693 2.240562 0.373758 0.136381 0.044744
f 1319 1320 1321 1322
v -0.092984 2.442651 1.972085 0.373758 0.136381 0.044744
v -0.179277 2.510779 2.030830 0.373758 0.136381 0.044744
v -0.172929 2.498248 2.168725 0.373758 0.136381 0.044744
v -0.076159 2.397298 2.147760 0.373758 0.136381 0.044744
f 1323 1324 1325 1326
v -0.076159 2.397298 2.147760 0.373758 0.136381 0.044744
v -0.172929 2.498248 2.168725 0.373758 0.136381 0.044744
v -0.214496 2.464693 2.240562 0.373758 0.136381 0.044744
v -0.136774 2.334341 2.196079 0.373758 0.136381 0.044744
f 1327 1328 1329 1330
v -0.373678 2.373022 2.005232 0.373758 0.136381 0.044744
v -0.358343 2.381108 2.031941 0.373758 0.136381 0.044744
v -0.391597 2.503177 2.085761 0.373758 0.136381 0.044744
v -0.411787 2.506485 2.074944 0.373758 0.136381 0.044744
f 1331 1332 1333 1334
v -0.213070 2.302717 2.106838 0.373758 0.136381 0.044744
v -0.233105 2.331849 2.105390 0.373758 0.136381 0.044744
v -0.319163 2.296240 2.005273 0.373758 0.136381 0.044744
v -0.306921 2.203604 1.955393 0.373758 0.136381 0.044744
f 1335 1336 1337 1338
v -0.373678 2.373022 2.005232 0.373758 0.136381 0.044744
v -0.411787 2.506485 2.074944 0.373758 0.136381 0.044744
v -0.354211 2.532667 2.047017 0.373758 0.136381 0.044744
v -0.314162 2.424689 1.971427 0.373758 0.136381 0.044744
f 1339 1340 1341 1342
v -0.179277 2.510779 2.030830 0.373758 0.136381 0.044744
v -0.251870 2.567036 2.075343 0.373758 0.136381 0.044744
v -0.242278 2.554318 2.182217 0.373758 0.136381 0.044744
v -0.172929 2.498248 2.168725 0.373758 0.136381 0.044744
f 1343 1344 1345 1346
v -0.266156 2.532188 2.250073 0.373758 0.136381 0.044744
v -0.280714 2.516041 2.222131 0.373758 0.136381 0.044744
v -0.240493 2.460310 2.211820 0.373758 0.136381 0.044744
v -0.214496 2.464693 2.240562 0.373758 0.136381 0.044744
f 1347 1348 1349 1350
v -0.214496 2.464693 2.240562 0.373758 0.136381 0.044744
v -0.240493 2.460310 2.211820 0.373758 0.136381 0.044744
v -0.201406 2.376211 2.183209 0.373758 0.136381 0.044744
v -0.136774 2.334341 2.196079 0.373758 0.136381 0.044744
f 1351 1352 1353 1354
v -0.306921 2.203604 1.955393 0.373758 0.136381 0.044744
v -0.319163 2.296240 2.005273 0.373758 0.136381 0.044744
v -0.358343 2.381108 2.031941 0.373758 0.136381 0.044744
v -0.373678 2.373022 2.005232 0.373758 0.136381 0.044744
f 1355 1356 1357 1358
v -0.136774 2.334341 2.196079 0.373758 0.136381 0.044744
v -0.201406 2.376211 2.183209 0.373758 0.136381 0.044744
v -0.233105 2.331849 2.105390 0.373758 0.136381 0.044744
v -0.213070 2.302717 2.106838 0.373758 0.136381 0.044744
f 1359 1360 1361 1362
v -0.527528 1.577910 -0.418294 0.373758 0.136381 0.044744
v -0.504983 1.766250 -0.440917 0.373758 0.136381 0.044744
v -0.469704 1.761752 -0.727777 0.373758 0.136381 0.044744
v -0.485179 1.618860 -0.727835 0.373758 0.136381 0.044744
f 1363 1364 1365 1366
v -0.527528 1.577910 -0.418294 0.373758 0.136381 0.044744
v -0.485179 1.618860 -0.727835 0.373758 0.136381 0.044744
v -0.483405 1.427851 -0.743264 0.373758 0.136381 0.044744
v -0.498794 1.388506 -0.470852 0.373758 0.136381 0.044744
f 1367 1368 1369 1370
v -0.485179 1.618860 -0.727835 0.373758 0.136381 0.044744
v -0.407919 1.644417 -0.942001 0.373758 0.136381 0.044744
v -0.401386 1.482227 -0.950676 0.373758 0.136381 0.044744
v -0.483405 1.427851 -0.743264 0.373758 0.136381 0.044744
f 1371 1372 1373 1374
v -0.485179 1.618860 -0.727835 0.373758 0.136381 0.044744
v -0.469704 1.761752 -0.727777 0.373758 0.136381 0.044744
v -0.391932 1.792026 -0.905498 0.373758 0.136381 0.044744
v -0.407919 1.644417 -0.942001 0.373758 0.136381 0.044744
f 1375 1376 1377 1378
v -0.527528 1.577910 -0.418294 0.373758 0.136381 0.044744
v -0.477824 1.590908 -0.210277 0.373758 0.136381 0.044744
v -0.455730 1.781772 -0.227917 0.373758 0.136381 0.044744
v -0.504983 1.766250 -0.440917 0.373758 0.136381 0.044744
f 1379 1380 1381 1382
v -0.527528 1.577910 -0.418294 0.373758 0.136381 0.044744
v -0.498794 1.388506 -0.470852 0.373758 0.136381 0.044744
v -0.464133 1.403896 -0.293571 0.373758 0.136381 0.044744
v -0.477824 1.590908 -0.210277 0.373758 0.136381 0.044744
f 1383 1384 1385 1386
v -0.407177 2.005599 -0.458082 0.373758 0.136381 0.044744
v -0.504983 1.766250 -0.440917 0.373758 0.136381 0.044744
v -0.455730 1.781772 -0.227917 0.373758 0.136381 0.044744
v -0.398435 1.939148 -0.288378 0.373758 0.136381 0.044744
f 1387 1388 1389 1390
v -0.360361 1.982780 -0.720953 0.373758 0.136381 0.044744
v -0.469704 1.761752 -0.727777 0.373758 0.136381 0.044744
v -0.504983 1.766250 -0.440917 0.373758 0.136381 0.044744
v -0.407177 2.005599 -0.458082 0.373758 0.136381 0.044744
f 1391 1392 1393 1394
v -0.360361 1.982780 -0.720953 0.373758 0.136381 0.044744
v -0.345363 1.924274 -0.862050 0.373758 0.136381 0.044744
v -0.391932 1.792026 -0.905498 0.373758 0.136381 0.044744
v -0.469704 1.761752 -0.727777 0.373758 0.136381 0.044744
f 1395 1396 1397 1398
v -0.280847 2.103329 -0.730427 0.373758 0.136381 0.044744
v -0.360361 1.982780 -0.720953 0.373758 0.136381 0.044744
v -0.407177 2.005599 -0.458082 0.373758 0.136381 0.044744
v -0.315198 2.148515 -0.414935 0.373758 0.136381 0.044744
f 1399 1400 1401 1402
v -0.368879 1.873302 -0.065483 0.373758 0.136381 0.044744
v -0.455730 1.781772 -0.227917 0.373758 0.136381 0.044744
v -0.477824 1.590908 -0.210277 0.373758 0.136381 0.044744
v -0.384948 1.651635 -0.081606 0.373758 0.136381 0.044744
f 1403 1404 1405 1406
v -0.315198 2.148515 -0.414935 0.373758 0.136381 0.044744
v -0.407177 2.005599 -0.458082 0.373758 0.136381 0.044744
v -0.398435 1.939148 -0.288378 0.373758 0.136381 0.044744
v -0.341997 2.064963 -0.135855 0.373758 0.136381 0.044744
f 1407 1408 1409 1410
v -0.156788 1.394173 -0.834734 0.373758 0.136381 0.044744
v -0.173882 1.259131 -0.808122 0.373758 0.136381 0.044744
v -0.231364 1.308948 -0.987422 0.373758 0.136381 0.044744
v -0.218254 1.546115 -1.005728 0.373758 0.136381 0.044744
f 1411 1412 1413 1414
v -0.308495 1.001871 -0.620081 0.373758 0.136381 0.044744
v -0.309713 0.879200 -0.813206 0.373758 0.136381 0.044744
v -0.243796 0.895019 -0.876514 0.373758 0.136381 0.044744
v -0.220455 1.016159 -0.713558 0.373758 0.136381 0.044744
f 1415 1416 1417 1418
v -0.464422 1.038003 -0.712674 0.373758 0.136381 0.044744
v -0.441831 0.895297 -0.891787 0.373758 0.136381 0.044744
v -0.399836 0.879465 -0.828160 0.373758 0.136381 0.044744
v -0.412676 1.004630 -0.646444 0.373758 0.136381 0.044744
f 1419 1420 1421 1422
v -0.252439 1.137146 -1.007416 0.373758 0.136381 0.044744
v -0.271649 0.964085 -1.139692 0.373758 0.136381 0.044744
v -0.358575 0.962437 -1.116299 0.373758 0.136381 0.044744
v -0.388382 1.137521 -0.983938 0.373758 0.136381 0.044744
f 1423 1424 1425 1426
v -0.453818 1.098348 -0.863842 0.373758 0.136381 0.044744
v -0.424870 0.940311 -1.038238 0.373758 0.136381 0.044744
v -0.441831 0.895297 -0.891787 0.373758 0.136381 0.044744
v -0.464422 1.038003 -0.712674 0.373758 0.136381 0.044744
f 1427 1428 1429 1430
v -0.194662 1.355965 -0.350726 0.373758 0.136381 0.044744
v -0.189193 1.143918 -0.578209 0.373758 0.136381 0.044744
v -0.173882 1.259131 -0.808122 0.373758 0.136381 0.044744
v -0.156788 1.394173 -0.834734 0.373758 0.136381 0.044744
f 1431 1432 1433 1434
v -0.464133 1.403896 -0.293571 0.373758 0.136381 0.044744
v -0.438683 1.150258 -0.493847 0.373758 0.136381 0.044744
v -0.308011 1.141457 -0.451296 0.373758 0.136381 0.044744
v -0.307992 1.325189 -0.306482 0.373758 0.136381 0.044744
f 1435 1436 1437 1438
v -0.412676 1.004630 -0.646444 0.373758 0.136381 0.044744
v -0.399836 0.879465 -0.828160 0.373758 0.136381 0.044744
v -0.309713 0.879200 -0.813206 0.373758 0.136381 0.044744
v -0.308495 1.001871 -0.620081 0.373758 0.136381 0.044744
f 1439 1440 1441 1442
v -0.399836 0.879465 -0.828160 0.373758 0.136381 0.044744
v -0.388235 0.743934 -1.005308 0.373758 0.136381 0.044744
v -0.306269 0.739999 -0.989863 0.373758 0.136381 0.044744
v -0.309713 0.879200 -0.813206 0.373758 0.136381 0.044744
f 1443 1444 1445 1446
v -0.424870 0.940311 -1.038238 0.373758 0.136381 0.044744
v -0.392982 0.803668 -1.148885 0.373758 0.136381 0.044744
v -0.428688 0.760300 -1.083494 0.373758 0.136381 0.044744
v -0.441831 0.895297 -0.891787 0.373758 0.136381 0.044744
f 1447 1448 1449 1450
v -0.231685 0.936875 -1.032637 0.373758 0.136381 0.044744
v -0.247089 0.804325 -1.166438 0.373758 0.136381 0.044744
v -0.276299 0.862513 -1.195657 0.373758 0.136381 0.044744
v -0.271649 0.964085 -1.139692 0.373758 0.136381 0.044744
f 1451 1452 1453 1454
v -0.498794 1.388506 -0.470852 0.373758 0.136381 0.044744
v -0.487564 1.185731 -0.584284 0.373758 0.136381 0.044744
v -0.438683 1.150258 -0.493847 0.373758 0.136381 0.044744
v -0.464133 1.403896 -0.293571 0.373758 0.136381 0.044744
f 1455 1456 1457 1458
v -0.401386 1.482227 -0.950676 0.373758 0.136381 0.044744
v -0.395665 1.312267 -0.959249 0.373758 0.136381 0.044744
v -0.474515 1.264501 -0.801999 0.373758 0.136381 0.044744
v -0.483405 1.427851 -0.743264 0.373758 0.136381 0.044744
f 1459 1460 1461 1462
v -0.312241 1.524383 -0.157392 0.373758 0.136381 0.044744
v -0.307992 1.325189 -0.306482 0.373758 0.136381 0.044744
v -0.194662 1.355965 -0.350726 0.373758 0.136381 0.044744
f 1463 1464 1465
v -0.388382 1.137521 -0.983938 0.373758 0.136381 0.044744
v -0.358575 0.962437 -1.116299 0.373758 0.136381 0.044744
v -0.424870 0.940311 -1.038238 0.373758 0.136381 0.044744
v -0.453818 1.098348 -0.863842 0.373758 0.136381 0.044744
f 1466 1467 1468 1469
v -0.483405 1.427851 -0.743264 0.373758 0.136381 0.044744
v -0.474515 1.264501 -0.801999 0.373758 0.136381 0.044744
v -0.487564 1.185731 -0.584284 0.373758 0.136381 0.044744
v -0.498794 1.388506 -0.470852 0.373758 0.136381 0.044744
f 1470 1471 1472 1473
v -0.243796 0.895019 -0.876514 0.373758 0.136381 0.044744
v -0.243136 0.799004 -1.057252 0.373758 0.136381 0.044744
v -0.247089 0.804325 -1.166438 0.373758 0.136381 0.044744
v -0.231685 0.936875 -1.032637 0.373758 0.136381 0.044744
f 1474 1475 1476 1477
v -0.271649 0.964085 -1.139692 0.373758 0.136381 0.044744
v -0.276299 0.862513 -1.195657 0.373758 0.136381 0.044744
v -0.349006 0.858821 -1.196333 0.373758 0.136381 0.044744
v -0.358575 0.962437 -1.116299 0.373758 0.136381 0.044744
f 1478 1479 1480 1481
v -0.441831 0.895297 -0.891787 0.373758 0.136381 0.044744
v -0.428688 0.760300 -1.083494 0.373758 0.136381 0.044744
v -0.388235 0.743934 -1.005308 0.373758 0.136381 0.044744
v -0.399836 0.879465 -0.828160 0.373758 0.136381 0.044744
f 1482 1483 1484 1485
v -0.358575 0.962437 -1.116299 0.373758 0.136381 0.044744
v -0.349006 0.858821 -1.196333 0.373758 0.136381 0.044744
v -0.392982 0.803668 -1.148885 0.373758 0.136381 0.044744
v -0.424870 0.940311 -1.038238 0.373758 0.136381 0.044744
f 1486 1487 1488 1489
v -0.309713 0.879200 -0.813206 0.373758 0.136381 0.044744
v -0.306269 0.739999 -0.989863 0.373758 0.136381 0.044744
v -0.243136 0.799004 -1.057252 0.373758 0.136381 0.044744
v -0.243796 0.895019 -0.876514 0.373758 0.136381 0.044744
f 1490 1491 1492 1493
v -0.288957 1.088605 0.738685 0.373758 0.136381 0.044744
v -0.299730 0.675076 0.816512 0.373758 0.136381 0.044744
v -0.356772 0.679087 0.831443 0.373758 0.136381 0.044744
v -0.373489 1.089032 0.745316 0.373758 0.136381 0.044744
f 1494 1495 1496 1497
v -0.374451 1.085979 1.020725 0.373758 0.136381 0.044744
v -0.406493 1.084198 0.954631 0.373758 0.136381 0.044744
v -0.403896 0.679921 0.976870 0.373758 0.136381 0.044744
v -0.372015 0.683625 1.027953 0.373758 0.136381 0.044744
f 1498 1499 1500 1501
v -0.288957 1.088605 0.738685 0.373758 0.136381 0.044744
v -0.265771 1.084644 0.863510 0.373758 0.136381 0.044744
v -0.256206 0.675817 0.876666 0.373758 0.136381 0.044744
v -0.299730 0.675076 0.816512 0.373758 0.136381 0.044744
f 1502 1503 1504 1505
v -0.415009 1.075634 0.846499 0.373758 0.136381 0.044744
v -0.373489 1.089032 0.745316 0.373758 0.136381 0.044744
v -0.356772 0.679087 0.831443 0.373758 0.136381 0.044744
v -0.390363 0.678031 0.885395 0.373758 0.136381 0.044744
f 1506 1507 1508 1509
v -0.265771 1.084644 0.863510 0.373758 0.136381 0.044744
v -0.280388 1.088534 0.977655 0.373758 0.136381 0.044744
v -0.269448 0.684668 0.977930 0.373758 0.136381 0.044744
v -0.256206 0.675817 0.876666 0.373758 0.136381 0.044744
f 1510 1511 1512 1513
v -0.455198 1.515790 0.927059 0.373758 0.136381 0.044744
v -0.406627 1.529302 0.781947 0.373758 0.136381 0.044744
v -0.400450 1.368284 0.787123 0.373758 0.136381 0.044744
v -0.450895 1.366715 0.915109 0.373758 0.136381 0.044744
f 1514 1515 1516 1517
v -0.451708 1.509531 1.078839 0.373758 0.136381 0.044744
v -0.453397 1.368760 1.057998 0.373758 0.136381 0.044744
v -0.405290 1.379029 1.164275 0.373758 0.136381 0.044744
v -0.394442 1.522420 1.236568 0.373758 0.136381 0.044744
f 1518 1519 1520 1521
v -0.455198 1.515790 0.927059 0.373758 0.136381 0.044744
v -0.423329 1.801110 0.910380 0.373758 0.136381 0.044744
v -0.375976 1.814253 0.729901 0.373758 0.136381 0.044744
v -0.406627 1.529302 0.781947 0.373758 0.136381 0.044744
f 1522 1523 1524 1525
v -0.451708 1.509531 1.078839 0.373758 0.136381 0.044744
v -0.394442 1.522420 1.236568 0.373758 0.136381 0.044744
v -0.371362 1.829031 1.279904 0.373758 0.136381 0.044744
v -0.418657 1.790196 1.083140 0.373758 0.136381 0.044744
f 1526 1527 1528 1529
v -0.252080 1.358161 0.725648 0.373758 0.136381 0.044744
v -0.278335 1.272679 0.729465 0.373758 0.136381 0.044744
v -0.393020 1.278839 0.779652 0.373758 0.136381 0.044744
v -0.400450 1.368284 0.787123 0.373758 0.136381 0.044744
f 1530 1531 1532 1533
v -0.341720 1.545703 0.728818 0.373758 0.136381 0.044744
v -0.406627 1.529302 0.781947 0.373758 0.136381 0.044744
v -0.375976 1.814253 0.729901 0.373758 0.136381 0.044744
f 1534 1535 1536
v -0.308024 1.553684 1.370161 0.373758 0.136381 0.044744
v -0.394442 1.522420 1.236568 0.373758 0.136381 0.044744
v -0.405290 1.379029 1.164275 0.373758 0.136381 0.044744
v -0.310116 1.407949 1.266491 0.373758 0.136381 0.044744
f 1537 1538 1539 1540
v -0.310116 1.407949 1.266491 0.373758 0.136381 0.044744
v -0.315161 1.253945 1.140436 0.373758 0.136381 0.044744
v -0.243772 1.245221 1.103447 0.373758 0.136381 0.044744
v -0.214584 1.405598 1.262199 0.373758 0.136381 0.044744
f 1541 1542 1543 1544
v -0.451708 1.509531 1.078839 0.373758 0.136381 0.044744
v -0.418657 1.790196 1.083140 0.373758 0.136381 0.044744
v -0.423329 1.801110 0.910380 0.373758 0.136381 0.044744
v -0.455198 1.515790 0.927059 0.373758 0.136381 0.044744
f 1545 1546 1547 1548
v -0.451708 1.509531 1.078839 0.373758 0.136381 0.044744
v -0.455198 1.515790 0.927059 0.373758 0.136381 0.044744
v -0.450895 1.366715 0.915109 0.373758 0.136381 0.044744
v -0.453397 1.368760 1.057998 0.373758 0.136381 0.044744
f 1549 1550 1551 1552
v -0.143188 2.225630 1.016479 0.373758 0.136381 0.044744
v -0.001147 2.278127 1.006567 0.373758 0.136381 0.044744
v -0.000751 2.280979 0.833381 0.373758 0.136381 0.044744
v -0.140776 2.242178 0.838454 0.373758 0.136381 0.044744
f 1553 1554 1555 1556
v -0.374983 2.009558 1.050659 0.373758 0.136381 0.044744
v -0.275375 2.152755 1.026717 0.373758 0.136381 0.044744
v -0.231123 2.166850 0.849219 0.373758 0.136381 0.044744
v -0.346141 2.018626 0.875676 0.373758 0.136381 0.044744
f 1557 1558 1559 1560
v -0.143188 2.225630 1.016479 0.373758 0.136381 0.044744
v -0.140776 2.242178 0.838454 0.373758 0.136381 0.044744
v -0.231123 2.166850 0.849219 0.373758 0.136381 0.044744
v -0.275375 2.152755 1.026717 0.373758 0.136381 0.044744
f 1561 1562 1563 1564
v -0.374983 2.009558 1.050659 0.373758 0.136381 0.044744
v -0.346141 2.018626 0.875676 0.373758 0.136381 0.044744
v -0.423329 1.801110 0.910380 0.373758 0.136381 0.044744
v -0.418657 1.790196 1.083140 0.373758 0.136381 0.044744
f 1565 1566 1567 1568
v -0.382149 1.258432 1.097078 0.373758 0.136381 0.044744
v -0.374681 1.136664 1.022770 0.373758 0.136381 0.044744
v -0.318294 1.136704 1.043581 0.373758 0.136381 0.044744
v -0.315161 1.253945 1.140436 0.373758 0.136381 0.044744
f 1569 1570 1571 1572
v -0.450895 1.366715 0.915109 0.373758 0.136381 0.044744
v -0.436455 1.271625 0.893871 0.373758 0.136381 0.044744
v -0.433832 1.262653 1.019430 0.373758 0.136381 0.044744
v -0.453397 1.368760 1.057998 0.373758 0.136381 0.044744
f 1573 1574 1575 1576
v -0.214584 1.405598 1.262199 0.373758 0.136381 0.044744
v -0.243772 1.245221 1.103447 0.373758 0.136381 0.044744
v -0.237846 1.245865 0.906981 0.373758 0.136381 0.044744
v -0.199762 1.346695 0.971453 0.373758 0.136381 0.044744
f 1577 1578 1579 1580
v -0.199762 1.346695 0.971453 0.373758 0.136381 0.044744
v -0.237846 1.245865 0.906981 0.373758 0.136381 0.044744
v -0.278335 1.272679 0.729465 0.373758 0.136381 0.044744
v -0.252080 1.358161 0.725648 0.373758 0.136381 0.044744
f 1581 1582 1583 1584
v -0.393020 1.278839 0.779652 0.373758 0.136381 0.044744
v -0.375899 1.152089 0.736448 0.373758 0.136381 0.044744
v -0.418752 1.134246 0.843244 0.373758 0.136381 0.044744
v -0.436455 1.271625 0.893871 0.373758 0.136381 0.044744
f 1585 1586 1587 1588
v -0.406493 1.084198 0.954631 0.373758 0.136381 0.044744
v -0.415009 1.075634 0.846499 0.373758 0.136381 0.044744
v -0.390363 0.678031 0.885395 0.373758 0.136381 0.044744
v -0.403896 0.679921 0.976870 0.373758 0.136381 0.044744
f 1589 1590 1591 1592
v -0.317825 1.087429 1.038568 0.373758 0.136381 0.044744
v -0.374451 1.085979 1.020725 0.373758 0.136381 0.044744
v -0.372015 0.683625 1.027953 0.373758 0.136381 0.044744
v -0.314995 0.687870 1.033007 0.373758 0.136381 0.044744
f 1593 1594 1595 1596
v -0.082788 2.285559 1.527674 0.373758 0.136381 0.044744
v -0.103502 2.347400 1.710919 0.373758 0.136381 0.044744
v 0.045469 2.375541 1.696935 0.373758 0.136381 0.044744
v 0.026066 2.315606 1.509584 0.373758 0.136381 0.044744
f 1597 1598 1599 1600
v -0.280388 1.088534 0.977655 0.373758 0.136381 0.044744
v -0.317825 1.087429 1.038568 0.373758 0.136381 0.044744
v -0.314995 0.687870 1.033007 0.373758 0.136381 0.044744
v -0.269448 0.684668 0.977930 0.373758 0.136381 0.044744
f 1601 1602 1603 1604
v -0.453397 1.368760 1.057998 0.373758 0.136381 0.044744
v -0.433832 1.262653 1.019430 0.373758 0.136381 0.044744
v -0.382149 1.258432 1.097078 0.373758 0.136381 0.044744
v -0.405290 1.379029 1.164275 0.373758 0.136381 0.044744
f 1605 1606 1607 1608
v -0.237846 1.245865 0.906981 0.373758 0.136381 0.044744
v -0.267120 1.142952 0.865150 0.373758 0.136381 0.044744
v -0.286943 1.152084 0.731468 0.373758 0.136381 0.044744
v -0.278335 1.272679 0.729465 0.373758 0.136381 0.044744
f 1609 1610 1611 1612
v -0.436455 1.271625 0.893871 0.373758 0.136381 0.044744
v -0.418752 1.134246 0.843244 0.373758 0.136381 0.044744
v -0.406792 1.137610 0.954297 0.373758 0.136381 0.044744
v -0.433832 1.262653 1.019430 0.373758 0.136381 0.044744
f 1613 1614 1615 1616
v -0.278335 1.272679 0.729465 0.373758 0.136381 0.044744
v -0.286943 1.152084 0.731468 0.373758 0.136381 0.044744
v -0.375899 1.152089 0.736448 0.373758 0.136381 0.044744
v -0.393020 1.278839 0.779652 0.373758 0.136381 0.044744
f 1617 1618 1619 1620
v -0.400450 1.368284 0.787123 0.373758 0.136381 0.044744
v -0.393020 1.278839 0.779652 0.373758 0.136381 0.044744
v -0.436455 1.271625 0.893871 0.373758 0.136381 0.044744
v -0.450895 1.366715 0.915109 0.373758 0.136381 0.044744
f 1621 1622 1623 1624
v -0.315161 1.253945 1.140436 0.373758 0.136381 0.044744
v -0.318294 1.136704 1.043581 0.373758 0.136381 0.044744
v -0.282002 1.140254 0.981620 0.373758 0.136381 0.044744
v -0.243772 1.245221 1.103447 0.373758 0.136381 0.044744
f 1625 1626 1627 1628
v -0.243772 1.245221 1.103447 0.373758 0.136381 0.044744
v -0.282002 1.140254 0.981620 0.373758 0.136381 0.044744
v -0.267120 1.142952 0.865150 0.373758 0.136381 0.044744
v -0.237846 1.245865 0.906981 0.373758 0.136381 0.044744
f 1629 1630 1631 1632
v -0.308024 1.553684 1.370161 0.373758 0.136381 0.044744
v -0.310116 1.407949 1.266491 0.373758 0.136381 0.044744
v -0.214584 1.405598 1.262199 0.373758 0.136381 0.044744
f 1633 1634 1635
v -0.225581 2.211841 2.101130 0.373758 0.136381 0.044744
v -0.306921 2.203604 1.955393 0.373758 0.136381 0.044744
v -0.285183 2.089090 1.967042 0.373758 0.136381 0.044744
v -0.231657 2.099427 2.117186 0.373758 0.136381 0.044744
f 1636 1637 1638 1639
v -0.231364 1.308948 -0.987422 0.373758 0.136381 0.044744
v -0.252439 1.137146 -1.007416 0.373758 0.136381 0.044744
v -0.388382 1.137521 -0.983938 0.373758 0.136381 0.044744
v -0.395665 1.312267 -0.959249 0.373758 0.136381 0.044744
f 1640 1641 1642 1643
v -0.173882 1.259131 -0.808122 0.373758 0.136381 0.044744
v -0.201155 1.100725 -0.863664 0.373758 0.136381 0.044744
v -0.252439 1.137146 -1.007416 0.373758 0.136381 0.044744
v -0.231364 1.308948 -0.987422 0.373758 0.136381 0.044744
f 1644 1645 1646 1647
v -0.201155 1.100725 -0.863664 0.373758 0.136381 0.044744
v -0.173882 1.259131 -0.808122 0.373758 0.136381 0.044744
v -0.189193 1.143918 -0.578209 0.373758 0.136381 0.044744
v -0.220455 1.016159 -0.713558 0.373758 0.136381 0.044744
f 1648 1649 1650 1651
v -0.220455 1.016159 -0.713558 0.373758 0.136381 0.044744
v -0.189193 1.143918 -0.578209 0.373758 0.136381 0.044744
v -0.308011 1.141457 -0.451296 0.373758 0.136381 0.044744
v -0.308495 1.001871 -0.620081 0.373758 0.136381 0.044744
f 1652 1653 1654 1655
v -0.308495 1.001871 -0.620081 0.373758 0.136381 0.044744
v -0.308011 1.141457 -0.451296 0.373758 0.136381 0.044744
v -0.438683 1.150258 -0.493847 0.373758 0.136381 0.044744
v -0.412676 1.004630 -0.646444 0.373758 0.136381 0.044744
f 1656 1657 1658 1659
v -0.453818 1.098348 -0.863842 0.373758 0.136381 0.044744
v -0.474515 1.264501 -0.801999 0.373758 0.136381 0.044744
v -0.395665 1.312267 -0.959249 0.373758 0.136381 0.044744
v -0.388382 1.137521 -0.983938 0.373758 0.136381 0.044744
f 1660 1661 1662 1663
v -0.474515 1.264501 -0.801999 0.373758 0.136381 0.044744
v -0.453818 1.098348 -0.863842 0.373758 0.136381 0.044744
v -0.464422 1.038003 -0.712674 0.373758 0.136381 0.044744
v -0.487564 1.185731 -0.584284 0.373758 0.136381 0.044744
f 1664 1665 1666 1667
v -0.487564 1.185731 -0.584284 0.373758 0.136381 0.044744
v -0.464422 1.038003 -0.712674 0.373758 0.136381 0.044744
v -0.412676 1.004630 -0.646444 0.373758 0.136381 0.044744
v -0.438683 1.150258 -0.493847 0.373758 0.136381 0.044744
f 1668 1669 1670 1671
v -0.218254 1.546115 -1.005728 0.373758 0.136381 0.044744
v -0.231364 1.308948 -0.987422 0.373758 0.136381 0.044744
v -0.395665 1.312267 -0.959249 0.373758 0.136381 0.044744
v -0.401386 1.482227 -0.950676 0.373758 0.136381 0.044744
f 1672 1673 1674 1675
v -0.307992 1.325189 -0.306482 0.373758 0.136381 0.044744
v -0.312241 1.524383 -0.157392 0.373758 0.136381 0.044744
v -0.464133 1.403896 -0.293571 0.373758 0.136381 0.044744
f 1676 1677 1678
v -0.307992 1.325189 -0.306482 0.373758 0.136381 0.044744
v -0.308011 1.141457 -0.451296 0.373758 0.136381 0.044744
v -0.189193 1.143918 -0.578209 0.373758 0.136381 0.044744
v -0.194662 1.355965 -0.350726 0.373758 0.136381 0.044744
f 1679 1680 1681 1682
v -0.092856 2.225602 2.271905 0.373758 0.136381 0.044744
v -0.114865 2.175009 2.257137 0.373758 0.136381 0.044744
v -0.106050 2.131419 2.273284 0.373758 0.136381 0.044744
v -0.063298 2.077188 2.342726 0.373758 0.136381 0.044744
f 1683 1684 1685 1686
v -0.114865 2.175009 2.257137 0.373758 0.136381 0.044744
v -0.115085 2.167960 2.244130 0.373758 0.136381 0.044744
v -0.112025 2.137639 2.252792 0.373758 0.136381 0.044744
v -0.106050 2.131419 2.273284 0.373758 0.136381 0.044744
f 1687 1688 1689 1690
v -0.106050 2.131419 2.273284 0.373758 0.136381 0.044744
v -0.112025 2.137639 2.252792 0.373758 0.136381 0.044744
v -0.150555 2.133668 2.203945 0.373758 0.136381 0.044744
v -0.157535 2.123298 2.212534 0.373758 0.136381 0.044744
f 1691 1692 1693 1694
v -0.168582 2.235037 2.190864 0.373758 0.136381 0.044744
v -0.166282 2.223884 2.194878 0.373758 0.136381 0.044744
v -0.114865 2.175009 2.257137 0.373758 0.136381 0.044744
v -0.092856 2.225602 2.271905 0.373758 0.136381 0.044744
f 1695 1696 1697 1698
v -0.063298 2.077188 2.342726 0.373758 0.136381 0.044744
v -0.106050 2.131419 2.273284 0.373758 0.136381 0.044744
v -0.157535 2.123298 2.212534 0.373758 0.136381 0.044744
v -0.154651 2.111717 2.216603 0.373758 0.136381 0.044744
f 1699 1700 1701 1702
v -0.231657 2.099427 2.117186 0.373758 0.136381 0.044744
v -0.202762 2.136547 2.148905 0.373758 0.136381 0.044744
v -0.200635 2.192600 2.141034 0.373758 0.136381 0.044744
v -0.225581 2.211841 2.101130 0.373758 0.136381 0.044744
f 1703 1704 1705 1706
v -0.154651 2.111717 2.216603 0.373758 0.136381 0.044744
v -0.157535 2.123298 2.212534 0.373758 0.136381 0.044744
v -0.202762 2.136547 2.148905 0.373758 0.136381 0.044744
v -0.231657 2.099427 2.117186 0.373758 0.136381 0.044744
f 1707 1708 1709 1710
v -0.200635 2.192600 2.141034 0.373758 0.136381 0.044744
v -0.179360 2.184307 2.155982 0.373758 0.136381 0.044744
v -0.161697 2.209690 2.197265 0.373758 0.136381 0.044744
v -0.166282 2.223884 2.194878 0.373758 0.136381 0.044744
f 1711 1712 1713 1714
v -0.166282 2.223884 2.194878 0.373758 0.136381 0.044744
v -0.161697 2.209690 2.197265 0.373758 0.136381 0.044744
v -0.115085 2.167960 2.244130 0.373758 0.136381 0.044744
v -0.114865 2.175009 2.257137 0.373758 0.136381 0.044744
f 1715 1716 1717 1718
v -0.157535 2.123298 2.212534 0.373758 0.136381 0.044744
v -0.150555 2.133668 2.203945 0.373758 0.136381 0.044744
v -0.180558 2.142395 2.161709 0.373758 0.136381 0.044744
v -0.202762 2.136547 2.148905 0.373758 0.136381 0.044744
f 1719 1720 1721 1722
v -0.202762 2.136547 2.148905 0.373758 0.136381 0.044744
v -0.180558 2.142395 2.161709 0.373758 0.136381 0.044744
v -0.179360 2.184307 2.155982 0.373758 0.136381 0.044744
v -0.200635 2.192600 2.141034 0.373758 0.136381 0.044744
f 1723 1724 1725 1726
v -0.405290 1.379029 1.164275 0.373758 0.136381 0.044744
v -0.382149 1.258432 1.097078 0.373758 0.136381 0.044744
v -0.315161 1.253945 1.140436 0.373758 0.136381 0.044744
v -0.310116 1.407949 1.266491 0.373758 0.136381 0.044744
f 1727 1728 1729 1730
v -0.433832 1.262653 1.019430 0.373758 0.136381 0.044744
v -0.406792 1.137610 0.954297 0.373758 0.136381 0.044744
v -0.374681 1.136664 1.022770 0.373758 0.136381 0.044744
v -0.382149 1.258432 1.097078 0.373758 0.136381 0.044744
f 1731 1732 1733 1734
v -0.000001 1.554099 -2.017640 0.373758 0.136381 0.044744
v -0.164777 1.536263 -1.996635 0.373758 0.136381 0.044744
v -0.169939 1.682722 -1.832531 0.373758 0.136381 0.044744
v 0.000001 1.696097 -1.853592 0.373758 0.136381 0.044744
f 1735 1736 1737 1738
v -0.282002 1.140254 0.981620 0.373758 0.136381 0.044744
v -0.318294 1.136704 1.043581 0.373758 0.136381 0.044744
v -0.317825 1.087429 1.038568 0.373758 0.136381 0.044744
v -0.280388 1.088534 0.977655 0.373758 0.136381 0.044744
f 1739 1740 1741 1742
v -0.318294 1.136704 1.043581 0.373758 0.136381 0.044744
v -0.374681 1.136664 1.022770 0.373758 0.136381 0.044744
v -0.374451 1.085979 1.020725 0.373758 0.136381 0.044744
v -0.317825 1.087429 1.038568 0.373758 0.136381 0.044744
f 1743 1744 1745 1746
v -0.406792 1.137610 0.954297 0.373758 0.136381 0.044744
v -0.418752 1.134246 0.843244 0.373758 0.136381 0.044744
v -0.415009 1.075634 0.846499 0.373758 0.136381 0.044744
v -0.406493 1.084198 0.954631 0.373758 0.136381 0.044744
f 1747 1748 1749 1750
v -0.267120 1.142952 0.865150 0.373758 0.136381 0.044744
v -0.282002 1.140254 0.981620 0.373758 0.136381 0.044744
v -0.280388 1.088534 0.977655 0.373758 0.136381 0.044744
v -0.265771 1.084644 0.863510 0.373758 0.136381 0.044744
f 1751 1752 1753 1754
v -0.418752 1.134246 0.843244 0.373758 0.136381 0.044744
v -0.375899 1.152089 0.736448 0.373758 0.136381 0.044744
v -0.373489 1.089032 0.745316 0.373758 0.136381 0.044744
v -0.415009 1.075634 0.846499 0.373758 0.136381 0.044744
f 1755 1756 1757 1758
v -0.286943 1.152084 0.731468 0.373758 0.136381 0.044744
v -0.267120 1.142952 0.865150 0.373758 0.136381 0.044744
v -0.265771 1.084644 0.863510 0.373758 0.136381 0.044744
v -0.288957 1.088605 0.738685 0.373758 0.136381 0.044744
f 1759 1760 1761 1762
v -0.374681 1.136664 1.022770 0.373758 0.136381 0.044744
v -0.406792 1.137610 0.954297 0.373758 0.136381 0.044744
v -0.406493 1.084198 0.954631 0.373758 0.136381 0.044744
v -0.374451 1.085979 1.020725 0.373758 0.136381 0.044744
f 1763 1764 1765 1766
v -0.286943 1.152084 0.731468 0.373758 0.136381 0.044744
v -0.288957 1.088605 0.738685 0.373758 0.136381 0.044744
v -0.373489 1.089032 0.745316 0.373758 0.136381 0.044744
v -0.375899 1.152089 0.736448 0.373758 0.136381 0.044744
f 1767 1768 1769 1770
v 0.193841 2.030781 2.638663 0.021767 0.021767 0.021767
v 0.164620 2.084414 2.640045 0.021767 0.021767 0.021767
v 0.171066 2.078918 2.685586 0.021767 0.021767 0.021767
f 1771 1772 1773
v 0.164620 2.084414 2.640045 0.021767 0.021767 0.021767
v 0.119692 2.080041 2.624882 0.021767 0.021767 0.021767
v 0.125240 2.079434 2.704064 0.021767 0.021767 0.021767
v 0.171066 2.078918 2.685586 0.021767 0.021767 0.021767
f 1774 1775 1776 1777
v 0.176998 1.983555 2.672350 0.021767 0.021767 0.021767
v 0.197017 2.014985 2.637521 0.021767 0.021767 0.021767
v 0.193841 2.030781 2.638663 0.021767 0.021767 0.021767
v 0.171066 2.078918 2.685586 0.021767 0.021767 0.021767
f 1778 1779 1780 1781
v 0.129119 1.954075 2.670667 0.021767 0.021767 0.021767
v 0.176998 1.983555 2.672350 0.021767 0.021767 0.021767
v 0.171066 2.078918 2.685586 0.021767 0.021767 0.021767
v 0.125240 2.079434 2.704064 0.021767 0.021767 0.021767
f 1782 1783 1784 1785
v 0.053367 2.023827 2.648452 0.021767 0.021767 0.021767
v 0.077572 2.074289 2.692101 0.021767 0.021767 0.021767
v 0.077083 2.080080 2.646145 0.021767 0.021767 0.021767
f 1786 1787 1788
v 0.077083 2.080080 2.646145 0.021767 0.021767 0.021767
v 0.077572 2.074289 2.692101 0.021767 0.021767 0.021767
v 0.125240 2.079434 2.704064 0.021767 0.021767 0.021767
v 0.119692 2.080041 2.624882 0.021767 0.021767 0.021767
f 1789 1790 1791 1792
v 0.079269 1.978716 2.679161 0.021767 0.021767 0.021767
v 0.077572 2.074289 2.692101 0.021767 0.021767 0.021767
v 0.053367 2.023827 2.648452 0.021767 0.021767 0.021767
v 0.051632 2.007788 2.647652 0.021767 0.021767 0.021767
f 1793 1794 1795 1796
v 0.129119 1.954075 2.670667 0.021767 0.021767 0.021767
v 0.125240 2.079434 2.704064 0.021767 0.021767 0.021767
v 0.077572 2.074289 2.692101 0.021767 0.021767 0.021767
v 0.079269 1.978716 2.679161 0.021767 0.021767 0.021767
f 1797 1798 1799 1800
v 0.326492 2.231928 2.162233 0.021767 0.021767 0.021767
v 0.322709 2.156618 2.170714 0.021767 0.021767 0.021767
v 0.345879 2.167024 2.124272 0.021767 0.021767 0.021767
v 0.340271 2.208113 2.118765 0.021767 0.021767 0.021767
f 1801 1802 1803 1804
v 0.322709 2.156618 2.170714 0.021767 0.021767 0.021767
v 0.326492 2.231928 2.162233 0.021767 0.021767 0.021767
v 0.290002 2.187665 2.215718 0.021767 0.021767 0.021767
v 0.290912 2.157570 2.224705 0.021767 0.021767 0.021767
f 1805 1806 1807 1808
v -0.161697 2.209690 2.197265 0.021767 0.021767 0.021767
v -0.179360 2.184307 2.155982 0.021767 0.021767 0.021767
v -0.180558 2.142395 2.161709 0.021767 0.021767 0.021767
v -0.150555 2.133668 2.203945 0.021767 0.021767 0.021767
f 1809 1810 1811 1812
v -0.150555 2.133668 2.203945 0.021767 0.021767 0.021767
v -0.112025 2.137639 2.252792 0.021767 0.021767 0.021767
v -0.115085 2.167960 2.244130 0.021767 0.021767 0.021767
v -0.161697 2.209690 2.197265 0.021767 0.021767 0.021767
f 1813 1814 1815 1816
v 0.250526 1.428559 0.455957 0.291507 0.300597 0.26521
v 0.153031 1.367376 0.474588 0.291507 0.300597 0.26521
v 0.175097 1.417907 0.011181 0.291507 0.300597 0.26521
v 0.261011 1.511256 0.016288 0.291507 0.300597 0.26521
f 1817 1818 1819 1820
v 0.175097 1.417907 0.011181 0.291507 0.300597 0.26521
v 0.000000 1.382687 0.013395 0.291507 0.300597 0.26521
v 0.000000 1.400008 -0.138246 0.291507 0.300597 0.26521
v 0.176984 1.431400 -0.134952 0.291507 0.300597 0.26521
f 1821 1822 1823 1824
v 0.175097 1.417907 0.011181 0.291507 0.300597 0.26521
v 0.176984 1.431400 -0.134952 0.291507 0.300597 0.26521
v 0.312241 1.524383 -0.157392 0.291507 0.300597 0.26521
v 0.261011 1.511256 0.016288 0.291507 0.300597 0.26521
f 1825 1826 1827 1828
v 0.316559 1.629832 0.046535 0.291507 0.300597 0.26521
v 0.318460 1.587124 0.416223 0.291507 0.300597 0.26521
v 0.250526 1.428559 0.455957 0.291507 0.300597 0.26521
v 0.261011 1.511256 0.016288 0.291507 0.300597 0.26521
f 1829 1830 1831 1832
v 0.153031 1.367376 0.474588 0.291507 0.300597 0.26521
v 0.250526 1.428559 0.455957 0.291507 0.300597 0.26521
v 0.252080 1.358161 0.725648 0.291507 0.300597 0.26521
v 0.138730 1.302508 0.770478 0.291507 0.300597 0.26521
f 1833 1834 1835 1836
v 0.135513 1.325485 0.980024 0.291507 0.300597 0.26521
v 0.138730 1.302508 0.770478 0.291507 0.300597 0.26521
v 0.252080 1.358161 0.725648 0.291507 0.300597 0.26521
v 0.199762 1.346695 0.971453 0.291507 0.300597 0.26521
f 1837 1838 1839 1840
v 0.318460 1.587124 0.416223 0.291507 0.300597 0.26521
v 0.341720 1.545703 0.728818 0.291507 0.300597 0.26521
v 0.252080 1.358161 0.725648 0.291507 0.300597 0.26521
v 0.250526 1.428559 0.455957 0.291507 0.300597 0.26521
f 1841 1842 1843 1844
v 0.217569 1.670037 1.633451 0.291507 0.300597 0.26521
v 0.284890 1.760766 1.798986 0.291507 0.300597 0.26521
v 0.173657 1.713552 1.800967 0.291507 0.300597 0.26521
v 0.152637 1.604708 1.634768 0.291507 0.300597 0.26521
f 1845 1846 1847 1848
v 0.139497 1.385159 1.257729 0.291507 0.300597 0.26521
v 0.148226 1.510895 1.471386 0.291507 0.300597 0.26521
v 0.007928 1.504407 1.481250 0.291507 0.300597 0.26521
v -0.000921 1.374049 1.260498 0.291507 0.300597 0.26521
f 1849 1850 1851 1852
v 0.148226 1.510895 1.471386 0.291507 0.300597 0.26521
v 0.217158 1.529226 1.433443 0.291507 0.300597 0.26521
v 0.217569 1.670037 1.633451 0.291507 0.300597 0.26521
v 0.152637 1.604708 1.634768 0.291507 0.300597 0.26521
f 1853 1854 1855 1856
v 0.148226 1.510895 1.471386 0.291507 0.300597 0.26521
v 0.152637 1.604708 1.634768 0.291507 0.300597 0.26521
v 0.023362 1.584497 1.642954 0.291507 0.300597 0.26521
v 0.007928 1.504407 1.481250 0.291507 0.300597 0.26521
f 1857 1858 1859 1860
v 0.394328 1.941411 1.897301 0.291507 0.300597 0.26521
v 0.363852 1.858575 1.924332 0.291507 0.300597 0.26521
v 0.284890 1.760766 1.798986 0.291507 0.300597 0.26521
v 0.370005 1.909468 1.802498 0.291507 0.300597 0.26521
f 1861 1862 1863 1864
v 0.152637 1.604708 1.634768 0.291507 0.300597 0.26521
v 0.173657 1.713552 1.800967 0.291507 0.300597 0.26521
v 0.049199 1.693635 1.817843 0.291507 0.300597 0.26521
v 0.023362 1.584497 1.642954 0.291507 0.300597 0.26521
f 1865 1866 1867 1868
v 0.086409 1.511147 -0.810334 0.291507 0.300597 0.26521
v 0.156788 1.394173 -0.834734 0.291507 0.300597 0.26521
v 0.194662 1.355965 -0.350726 0.291507 0.300597 0.26521
v 0.109803 1.435753 -0.326887 0.291507 0.300597 0.26521
f 1869 1870 1871 1872
v 0.109803 1.435753 -0.326887 0.291507 0.300597 0.26521
v 0.194662 1.355965 -0.350726 0.291507 0.300597 0.26521
v 0.312241 1.524383 -0.157392 0.291507 0.300597 0.26521
v 0.176984 1.431400 -0.134952 0.291507 0.300597 0.26521
f 1873 1874 1875 1876
v 0.109803 1.435753 -0.326887 0.291507 0.300597 0.26521
v 0.176984 1.431400 -0.134952 0.291507 0.300597 0.26521
v 0.000000 1.400008 -0.138246 0.291507 0.300597 0.26521
v 0.000000 1.427981 -0.316386 0.291507 0.300597 0.26521
f 1877 1878 1879 1880
v 0.086409 1.511147 -0.810334 0.291507 0.300597 0.26521
v 0.109803 1.435753 -0.326887 0.291507 0.300597 0.26521
v 0.000000 1.427981 -0.316386 0.291507 0.300597 0.26521
v -0.000000 1.511027 -0.809358 0.291507 0.300597 0.26521
f 1881 1882 1883 1884
v 0.086409 1.511147 -0.810334 0.291507 0.300597 0.26521
v -0.000000 1.511027 -0.809358 0.291507 0.300597 0.26521
v -0.000000 1.631927 -1.026573 0.291507 0.300597 0.26521
v 0.086937 1.629518 -1.025193 0.291507 0.300597 0.26521
f 1885 1886 1887 1888
v 0.086409 1.511147 -0.810334 0.291507 0.300597 0.26521
v 0.086937 1.629518 -1.025193 0.291507 0.300597 0.26521
v 0.218254 1.546115 -1.005728 0.291507 0.300597 0.26521
v 0.156788 1.394173 -0.834734 0.291507 0.300597 0.26521
f 1889 1890 1891 1892
v 0.123227 1.769226 -1.059930 0.291507 0.300597 0.26521
v 0.086937 1.629518 -1.025193 0.291507 0.300597 0.26521
v -0.000000 1.631927 -1.026573 0.291507 0.300597 0.26521
v 0.000000 1.784714 -1.060085 0.291507 0.300597 0.26521
f 1893 1894 1895 1896
v 0.123227 1.769226 -1.059930 0.291507 0.300597 0.26521
v 0.000000 1.784714 -1.060085 0.291507 0.300597 0.26521
v -0.000000 1.903182 -1.062484 0.291507 0.300597 0.26521
v 0.107712 1.928293 -1.047472 0.291507 0.300597 0.26521
f 1897 1898 1899 1900
v 0.123227 1.769226 -1.059930 0.291507 0.300597 0.26521
v 0.107712 1.928293 -1.047472 0.291507 0.300597 0.26521
v 0.250573 1.841830 -0.998319 0.291507 0.300597 0.26521
v 0.247351 1.711441 -1.033585 0.291507 0.300597 0.26521
f 1901 1902 1903 1904
v 0.123227 1.769226 -1.059930 0.291507 0.300597 0.26521
v 0.247351 1.711441 -1.033585 0.291507 0.300597 0.26521
v 0.218254 1.546115 -1.005728 0.291507 0.300597 0.26521
v 0.086937 1.629518 -1.025193 0.291507 0.300597 0.26521
f 1905 1906 1907 1908
v 0.295399 1.750594 1.620918 0.291507 0.300597 0.26521
v 0.370005 1.909468 1.802498 0.291507 0.300597 0.26521
v 0.284890 1.760766 1.798986 0.291507 0.300597 0.26521
v 0.217569 1.670037 1.633451 0.291507 0.300597 0.26521
f 1909 1910 1911 1912
v 0.316559 1.629832 0.046535 0.291507 0.300597 0.26521
v 0.261011 1.511256 0.016288 0.291507 0.300597 0.26521
v 0.312241 1.524383 -0.157392 0.291507 0.300597 0.26521
v 0.384948 1.651635 -0.081606 0.291507 0.300597 0.26521
f 1913 1914 1915 1916
v 0.191346 0.954759 -2.394578 0.291507 0.300597 0.26521
v 0.232208 0.992480 -2.149109 0.291507 0.300597 0.26521
v -0.000009 0.959562 -2.128671 0.291507 0.300597 0.26521
v -0.000010 0.912438 -2.368930 0.291507 0.300597 0.26521
f 1917 1918 1919 1920
v 0.191346 0.954759 -2.394578 0.291507 0.300597 0.26521
v -0.000010 0.912438 -2.368930 0.291507 0.300597 0.26521
v -0.000010 0.918762 -2.539437 0.291507 0.300597 0.26521
v 0.147303 0.969260 -2.569158 0.291507 0.300597 0.26521
f 1921 1922 1923 1924
v 0.100877 1.232700 -2.483696 0.291507 0.300597 0.26521
v 0.136319 1.296017 -2.328707 0.291507 0.300597 0.26521
v 0.218837 1.142230 -2.244539 0.291507 0.300597 0.26521
v 0.165954 1.113750 -2.445565 0.291507 0.300597 0.26521
f 1925 1926 1927 1928
v 0.100877 1.232700 -2.483696 0.291507 0.300597 0.26521
v 0.165954 1.113750 -2.445565 0.291507 0.300597 0.26521
v 0.117819 1.098947 -2.639556 0.291507 0.300597 0.26521
v 0.060892 1.207549 -2.722081 0.291507 0.300597 0.26521
f 1929 1930 1931 1932
v 0.089266 1.029688 -2.694693 0.291507 0.300597 0.26521
v 0.147303 0.969260 -2.569158 0.291507 0.300597 0.26521
v -0.000010 0.918762 -2.539437 0.291507 0.300597 0.26521
v -0.000008 1.006603 -2.717097 0.291507 0.300597 0.26521
f 1933 1934 1935 1936
v 0.032395 1.208352 -2.829198 0.291507 0.300597 0.26521
v 0.060892 1.207549 -2.722081 0.291507 0.300597 0.26521
v 0.117819 1.098947 -2.639556 0.291507 0.300597 0.26521
v 0.064649 1.150864 -2.792752 0.291507 0.300597 0.26521
f 1937 1938 1939 1940
v -0.000005 1.261122 -2.496219 0.291507 0.300597 0.26521
v -0.000004 1.320235 -2.336554 0.291507 0.300597 0.26521
v 0.136319 1.296017 -2.328707 0.291507 0.300597 0.26521
v 0.100877 1.232700 -2.483696 0.291507 0.300597 0.26521
f 1941 1942 1943 1944
v 0.032395 1.208352 -2.829198 0.291507 0.300597 0.26521
v 0.064649 1.150864 -2.792752 0.291507 0.300597 0.26521
v -0.000006 1.158104 -2.858071 0.291507 0.300597 0.26521
v -0.000005 1.221460 -2.887134 0.291507 0.300597 0.26521
f 1945 1946 1947 1948
v 0.165954 1.113750 -2.445565 0.291507 0.300597 0.26521
v 0.218837 1.142230 -2.244539 0.291507 0.300597 0.26521
v 0.232208 0.992480 -2.149109 0.291507 0.300597 0.26521
v 0.191346 0.954759 -2.394578 0.291507 0.300597 0.26521
f 1949 1950 1951 1952
v 0.064649 1.150864 -2.792752 0.291507 0.300597 0.26521
v 0.089266 1.029688 -2.694693 0.291507 0.300597 0.26521
v -0.000008 1.006603 -2.717097 0.291507 0.300597 0.26521
v -0.000006 1.158104 -2.858071 0.291507 0.300597 0.26521
f 1953 1954 1955 1956
v -0.000005 1.261122 -2.496219 0.291507 0.300597 0.26521
v 0.100877 1.232700 -2.483696 0.291507 0.300597 0.26521
v 0.060892 1.207549 -2.722081 0.291507 0.300597 0.26521
v -0.000005 1.224283 -2.734416 0.291507 0.300597 0.26521
f 1957 1958 1959 1960
v 0.165954 1.113750 -2.445565 0.291507 0.300597 0.26521
v 0.191346 0.954759 -2.394578 0.291507 0.300597 0.26521
v 0.147303 0.969260 -2.569158 0.291507 0.300597 0.26521
v 0.117819 1.098947 -2.639556 0.291507 0.300597 0.26521
f 1961 1962 1963 1964
v -0.000005 1.221460 -2.887134 0.291507 0.300597 0.26521
v -0.000005 1.224283 -2.734416 0.291507 0.300597 0.26521
v 0.060892 1.207549 -2.722081 0.291507 0.300597 0.26521
v 0.032395 1.208352 -2.829198 0.291507 0.300597 0.26521
f 1965 1966 1967 1968
v 0.064649 1.150864 -2.792752 0.291507 0.300597 0.26521
v 0.117819 1.098947 -2.639556 0.291507 0.300597 0.26521
v 0.147303 0.969260 -2.569158 0.291507 0.300597 0.26521
v 0.089266 1.029688 -2.694693 0.291507 0.300597 0.26521
f 1969 1970 1971 1972
v 0.329170 2.017820 2.212627 0.291507 0.300597 0.26521
v 0.298858 1.900962 2.214916 0.291507 0.300597 0.26521
v 0.344708 1.880719 2.095717 0.291507 0.300597 0.26521
v 0.394596 2.001289 2.097151 0.291507 0.300597 0.26521
f 1973 1974 1975 1976
v 0.330481 2.135649 2.182751 0.291507 0.300597 0.26521
v 0.261268 2.093257 2.320108 0.291507 0.300597 0.26521
v 0.287897 2.009331 2.300974 0.291507 0.300597 0.26521
v 0.329170 2.017820 2.212627 0.291507 0.300597 0.26521
f 1977 1978 1979 1980
v 0.329170 2.017820 2.212627 0.291507 0.300597 0.26521
v 0.287897 2.009331 2.300974 0.291507 0.300597 0.26521
v 0.275302 1.899286 2.279465 0.291507 0.300597 0.26521
v 0.298858 1.900962 2.214916 0.291507 0.300597 0.26521
f 1981 1982 1983 1984
v 0.173657 1.713552 1.800967 0.291507 0.300597 0.26521
v 0.284890 1.760766 1.798986 0.291507 0.300597 0.26521
v 0.363852 1.858575 1.924332 0.291507 0.300597 0.26521
v 0.212121 1.772535 1.937260 0.291507 0.300597 0.26521
f 1985 1986 1987 1988
v 0.212121 1.772535 1.937260 0.291507 0.300597 0.26521
v 0.363852 1.858575 1.924332 0.291507 0.300597 0.26521
v 0.344708 1.880719 2.095717 0.291507 0.300597 0.26521
v 0.234046 1.817046 2.092141 0.291507 0.300597 0.26521
f 1989 1990 1991 1992
v 0.222754 1.837846 2.197634 0.291507 0.300597 0.26521
v 0.101301 1.821843 2.197852 0.291507 0.300597 0.26521
v 0.091902 1.789000 2.087784 0.291507 0.300597 0.26521
v 0.234046 1.817046 2.092141 0.291507 0.300597 0.26521
f 1993 1994 1995 1996
v 0.222754 1.837846 2.197634 0.291507 0.300597 0.26521
v 0.234046 1.817046 2.092141 0.291507 0.300597 0.26521
v 0.344708 1.880719 2.095717 0.291507 0.300597 0.26521
v 0.298858 1.900962 2.214916 0.291507 0.300597 0.26521
f 1997 1998 1999 2000
v 0.222754 1.837846 2.197634 0.291507 0.300597 0.26521
v 0.298858 1.900962 2.214916 0.291507 0.300597 0.26521
v 0.275302 1.899286 2.279465 0.291507 0.300597 0.26521
v 0.207682 1.848539 2.270008 0.291507 0.300597 0.26521
f 2001 2002 2003 2004
v 0.222754 1.837846 2.197634 0.291507 0.300597 0.26521
v 0.207682 1.848539 2.270008 0.291507 0.300597 0.26521
v 0.107271 1.835629 2.280042 0.291507 0.300597 0.26521
v 0.101301 1.821843 2.197852 0.291507 0.300597 0.26521
f 2005 2006 2007 2008
v 0.178419 1.930296 2.650599 0.291507 0.300597 0.26521
v 0.178057 1.854498 2.594667 0.291507 0.300597 0.26521
v 0.210891 1.882509 2.589843 0.291507 0.300597 0.26521
v 0.213779 1.941228 2.609129 0.291507 0.300597 0.26521
f 2009 2010 2011 2012
v 0.178419 1.930296 2.650599 0.291507 0.300597 0.26521
v 0.213779 1.941228 2.609129 0.291507 0.300597 0.26521
v 0.197017 2.014985 2.637521 0.291507 0.300597 0.26521
v 0.176998 1.983555 2.672350 0.291507 0.300597 0.26521
f 2013 2014 2015 2016
v 0.178419 1.930296 2.650599 0.291507 0.300597 0.26521
v 0.176998 1.983555 2.672350 0.291507 0.300597 0.26521
v 0.129119 1.954075 2.670667 0.291507 0.300597 0.26521
v 0.129257 1.927862 2.654024 0.291507 0.300597 0.26521
f 2017 2018 2019 2020
v 0.178419 1.930296 2.650599 0.291507 0.300597 0.26521
v 0.129257 1.927862 2.654024 0.291507 0.300597 0.26521
v 0.129486 1.845355 2.598699 0.291507 0.300597 0.26521
v 0.178057 1.854498 2.594667 0.291507 0.300597 0.26521
f 2021 2022 2023 2024
v 0.260056 1.991594 2.384078 0.291507 0.300597 0.26521
v 0.248035 1.893655 2.339539 0.291507 0.300597 0.26521
v 0.275302 1.899286 2.279465 0.291507 0.300597 0.26521
v 0.287897 2.009331 2.300974 0.291507 0.300597 0.26521
f 2025 2026 2027 2028
v 0.260056 1.991594 2.384078 0.291507 0.300597 0.26521
v 0.287897 2.009331 2.300974 0.291507 0.300597 0.26521
v 0.261268 2.093257 2.320108 0.291507 0.300597 0.26521
v 0.235405 2.058150 2.415432 0.291507 0.300597 0.26521
f 2029 2030 2031 2032
v 0.260056 1.991594 2.384078 0.291507 0.300597 0.26521
v 0.235405 2.058150 2.415432 0.291507 0.300597 0.26521
v 0.193841 2.030781 2.638663 0.291507 0.300597 0.26521
v 0.197017 2.014985 2.637521 0.291507 0.300597 0.26521
v 0.213779 1.941228 2.609129 0.291507 0.300597 0.26521
f 2033 2034 2035 2036 2037
v 0.260056 1.991594 2.384078 0.291507 0.300597 0.26521
v 0.213779 1.941228 2.609129 0.291507 0.300597 0.26521
v 0.210891 1.882509 2.589843 0.291507 0.300597 0.26521
v 0.248035 1.893655 2.339539 0.291507 0.300597 0.26521
f 2038 2039 2040 2041
v 0.196819 1.848906 2.331654 0.291507 0.300597 0.26521
v 0.111326 1.844673 2.337612 0.291507 0.300597 0.26521
v 0.107271 1.835629 2.280042 0.291507 0.300597 0.26521
v 0.207682 1.848539 2.270008 0.291507 0.300597 0.26521
f 2042 2043 2044 2045
v 0.196819 1.848906 2.331654 0.291507 0.300597 0.26521
v 0.207682 1.848539 2.270008 0.291507 0.300597 0.26521
v 0.275302 1.899286 2.279465 0.291507 0.300597 0.26521
v 0.248035 1.893655 2.339539 0.291507 0.300597 0.26521
f 2046 2047 2048 2049
v 0.196819 1.848906 2.331654 0.291507 0.300597 0.26521
v 0.248035 1.893655 2.339539 0.291507 0.300597 0.26521
v 0.210891 1.882509 2.589843 0.291507 0.300597 0.26521
v 0.178057 1.854498 2.594667 0.291507 0.300597 0.26521
f 2050 2051 2052 2053
v 0.196819 1.848906 2.331654 0.291507 0.300597 0.26521
v 0.178057 1.854498 2.594667 0.291507 0.300597 0.26521
v 0.129486 1.845355 2.598699 0.291507 0.300597 0.26521
v 0.111326 1.844673 2.337612 0.291507 0.300597 0.26521
f 2054 2055 2056 2057
v 0.135513 1.325485 0.980024 0.291507 0.300597 0.26521
v -0.000000 1.306290 0.974732 0.291507 0.300597 0.26521
v 0.000000 1.286049 0.790917 0.291507 0.300597 0.26521
v 0.138730 1.302508 0.770478 0.291507 0.300597 0.26521
f 2058 2059 2060 2061
v 0.394100 2.127346 2.071976 0.291507 0.300597 0.26521
v 0.330481 2.135649 2.182751 0.291507 0.300597 0.26521
v 0.329170 2.017820 2.212627 0.291507 0.300597 0.26521
v 0.394596 2.001289 2.097151 0.291507 0.300597 0.26521
f 2062 2063 2064 2065
v 0.153031 1.367376 0.474588 0.291507 0.300597 0.26521
v 0.138730 1.302508 0.770478 0.291507 0.300597 0.26521
v 0.000000 1.286049 0.790917 0.291507 0.300597 0.26521
v 0.000000 1.330203 0.513053 0.291507 0.300597 0.26521
f 2066 2067 2068 2069
v 0.363852 1.858575 1.924332 0.291507 0.300597 0.26521
v 0.414766 1.971085 1.974183 0.291507 0.300597 0.26521
v 0.394596 2.001289 2.097151 0.291507 0.300597 0.26521
v 0.344708 1.880719 2.095717 0.291507 0.300597 0.26521
f 2070 2071 2072 2073
v 0.394596 2.001289 2.097151 0.291507 0.300597 0.26521
v 0.414766 1.971085 1.974183 0.291507 0.300597 0.26521
v 0.425601 2.116597 1.913747 0.291507 0.300597 0.26521
v 0.394100 2.127346 2.071976 0.291507 0.300597 0.26521
f 2074 2075 2076 2077
v 0.496750 2.395844 1.957897 0.291507 0.300597 0.26521
v 0.534667 2.518873 2.005414 0.291507 0.300597 0.26521
v 0.502874 2.510718 2.003822 0.291507 0.300597 0.26521
v 0.468332 2.417309 1.983025 0.291507 0.300597 0.26521
f 2078 2079 2080 2081
v 0.534667 2.518873 2.005414 0.291507 0.300597 0.26521
v 0.566588 2.612092 2.079410 0.291507 0.300597 0.26521
v 0.520100 2.585138 2.072858 0.291507 0.300597 0.26521
v 0.502874 2.510718 2.003822 0.291507 0.300597 0.26521
f 2082 2083 2084 2085
v 0.365397 2.388987 2.133083 0.291507 0.300597 0.26521
v 0.387037 2.343038 2.051445 0.291507 0.300597 0.26521
v 0.390906 2.390728 2.063397 0.291507 0.300597 0.26521
v 0.392657 2.436712 2.107683 0.291507 0.300597 0.26521
f 2086 2087 2088 2089
v 0.566588 2.612092 2.079410 0.291507 0.300597 0.26521
v 0.557769 2.644315 2.134607 0.291507 0.300597 0.26521
v 0.512719 2.610877 2.113698 0.291507 0.300597 0.26521
v 0.520100 2.585138 2.072858 0.291507 0.300597 0.26521
f 2090 2091 2092 2093
v 0.408394 2.471416 2.155469 0.291507 0.300597 0.26521
v 0.365397 2.388987 2.133083 0.291507 0.300597 0.26521
v 0.392657 2.436712 2.107683 0.291507 0.300597 0.26521
v 0.405221 2.483625 2.117250 0.291507 0.300597 0.26521
f 2094 2095 2096 2097
v 0.528980 2.620509 2.162342 0.291507 0.300597 0.26521
v 0.447796 2.528470 2.158982 0.291507 0.300597 0.26521
v 0.438901 2.526767 2.116116 0.291507 0.300597 0.26521
v 0.491479 2.591132 2.134147 0.291507 0.300597 0.26521
f 2098 2099 2100 2101
v 0.390906 2.390728 2.063397 0.291507 0.300597 0.26521
v 0.438437 2.391100 1.993571 0.291507 0.300597 0.26521
v 0.468332 2.417309 1.983025 0.291507 0.300597 0.26521
v 0.416131 2.481195 2.054725 0.291507 0.300597 0.26521
f 2102 2103 2104 2105
v 0.392657 2.436712 2.107683 0.291507 0.300597 0.26521
v 0.390906 2.390728 2.063397 0.291507 0.300597 0.26521
v 0.416131 2.481195 2.054725 0.291507 0.300597 0.26521
v 0.405221 2.483625 2.117250 0.291507 0.300597 0.26521
f 2106 2107 2108 2109
v 0.405221 2.483625 2.117250 0.291507 0.300597 0.26521
v 0.416131 2.481195 2.054725 0.291507 0.300597 0.26521
v 0.466877 2.553101 2.062848 0.291507 0.300597 0.26521
v 0.438901 2.526767 2.116116 0.291507 0.300597 0.26521
f 2110 2111 2112 2113
v 0.416131 2.481195 2.054725 0.291507 0.300597 0.26521
v 0.468332 2.417309 1.983025 0.291507 0.300597 0.26521
v 0.502874 2.510718 2.003822 0.291507 0.300597 0.26521
v 0.466877 2.553101 2.062848 0.291507 0.300597 0.26521
f 2114 2115 2116 2117
v 0.466877 2.553101 2.062848 0.291507 0.300597 0.26521
v 0.502874 2.510718 2.003822 0.291507 0.300597 0.26521
v 0.520100 2.585138 2.072858 0.291507 0.300597 0.26521
v 0.512719 2.610877 2.113698 0.291507 0.300597 0.26521
f 2118 2119 2120 2121
v 0.438901 2.526767 2.116116 0.291507 0.300597 0.26521
v 0.466877 2.553101 2.062848 0.291507 0.300597 0.26521
v 0.512719 2.610877 2.113698 0.291507 0.300597 0.26521
v 0.491479 2.591132 2.134147 0.291507 0.300597 0.26521
f 2122 2123 2124 2125
v 0.387037 2.343038 2.051445 0.291507 0.300597 0.26521
v 0.456226 2.310082 1.938321 0.291507 0.300597 0.26521
v 0.438437 2.391100 1.993571 0.291507 0.300597 0.26521
v 0.390906 2.390728 2.063397 0.291507 0.300597 0.26521
f 2126 2127 2128 2129
v 0.456226 2.310082 1.938321 0.291507 0.300597 0.26521
v 0.496750 2.395844 1.957897 0.291507 0.300597 0.26521
v 0.468332 2.417309 1.983025 0.291507 0.300597 0.26521
v 0.438437 2.391100 1.993571 0.291507 0.300597 0.26521
f 2130 2131 2132 2133
v 0.557769 2.644315 2.134607 0.291507 0.300597 0.26521
v 0.528980 2.620509 2.162342 0.291507 0.300597 0.26521
v 0.491479 2.591132 2.134147 0.291507 0.300597 0.26521
v 0.512719 2.610877 2.113698 0.291507 0.300597 0.26521
f 2134 2135 2136 2137
v 0.447796 2.528470 2.158982 0.291507 0.300597 0.26521
v 0.408394 2.471416 2.155469 0.291507 0.300597 0.26521
v 0.405221 2.483625 2.117250 0.291507 0.300597 0.26521
v 0.438901 2.526767 2.116116 0.291507 0.300597 0.26521
f 2138 2139 2140 2141
v 0.078121 1.747646 1.954078 0.291507 0.300597 0.26521
v 0.212121 1.772535 1.937260 0.291507 0.300597 0.26521
v 0.234046 1.817046 2.092141 0.291507 0.300597 0.26521
v 0.091902 1.789000 2.087784 0.291507 0.300597 0.26521
f 2142 2143 2144 2145
v 0.139497 1.385159 1.257729 0.291507 0.300597 0.26521
v -0.000921 1.374049 1.260498 0.291507 0.300597 0.26521
v -0.000000 1.306290 0.974732 0.291507 0.300597 0.26521
v 0.135513 1.325485 0.980024 0.291507 0.300597 0.26521
f 2146 2147 2148 2149
v 0.139497 1.385159 1.257729 0.291507 0.300597 0.26521
v 0.135513 1.325485 0.980024 0.291507 0.300597 0.26521
v 0.199762 1.346695 0.971453 0.291507 0.300597 0.26521
v 0.213795 1.404252 1.258630 0.291507 0.300597 0.26521
f 2150 2151 2152 2153
v 0.175097 1.417907 0.011181 0.291507 0.300597 0.26521
v 0.153031 1.367376 0.474588 0.291507 0.300597 0.26521
v 0.000000 1.330203 0.513053 0.291507 0.300597 0.26521
v 0.000000 1.382687 0.013395 0.291507 0.300597 0.26521
f 2154 2155 2156 2157
v 0.217158 1.529226 1.433443 0.291507 0.300597 0.26521
v 0.148226 1.510895 1.471386 0.291507 0.300597 0.26521
v 0.139497 1.385159 1.257729 0.291507 0.300597 0.26521
v 0.213795 1.404252 1.258630 0.291507 0.300597 0.26521
f 2158 2159 2160 2161
v 0.217158 1.529226 1.433443 0.291507 0.300597 0.26521
v 0.311725 1.549062 1.355912 0.291507 0.300597 0.26521
v 0.295399 1.750594 1.620918 0.291507 0.300597 0.26521
v 0.217569 1.670037 1.633451 0.291507 0.300597 0.26521
f 2162 2163 2164 2165
v 0.217158 1.529226 1.433443 0.291507 0.300597 0.26521
v 0.213795 1.404252 1.258630 0.291507 0.300597 0.26521
v 0.311725 1.549062 1.355912 0.291507 0.300597 0.26521
f 2166 2167 2168
v 0.456620 1.952991 1.816591 0.291507 0.300597 0.26521
v 0.400084 1.882230 1.843668 0.291507 0.300597 0.26521
v 0.453646 1.912783 1.720462 0.291507 0.300597 0.26521
f 2169 2170 2171
v 0.363852 1.858575 1.924332 0.291507 0.300597 0.26521
v 0.394328 1.941411 1.897301 0.291507 0.300597 0.26521
v 0.427287 1.948925 1.835062 0.291507 0.300597 0.26521
v 0.400084 1.882230 1.843668 0.291507 0.300597 0.26521
f 2172 2173 2174 2175
v 0.425601 2.116597 1.913747 0.291507 0.300597 0.26521
v 0.414766 1.971085 1.974183 0.291507 0.300597 0.26521
v 0.456620 1.952991 1.816591 0.291507 0.300597 0.26521
v 0.439549 2.024396 1.808836 0.291507 0.300597 0.26521
f 2176 2177 2178 2179
v 0.439549 2.024396 1.808836 0.291507 0.300597 0.26521
v 0.456620 1.952991 1.816591 0.291507 0.300597 0.26521
v 0.453646 1.912783 1.720462 0.291507 0.300597 0.26521
f 2180 2181 2182
v 0.394328 1.941411 1.897301 0.291507 0.300597 0.26521
v 0.425601 2.116597 1.913747 0.291507 0.300597 0.26521
v 0.439549 2.024396 1.808836 0.291507 0.300597 0.26521
v 0.427287 1.948925 1.835062 0.291507 0.300597 0.26521
f 2183 2184 2185 2186
v 0.414766 1.971085 1.974183 0.291507 0.300597 0.26521
v 0.363852 1.858575 1.924332 0.291507 0.300597 0.26521
v 0.400084 1.882230 1.843668 0.291507 0.300597 0.26521
v 0.456620 1.952991 1.816591 0.291507 0.300597 0.26521
f 2187 2188 2189 2190
v 0.427287 1.948925 1.835062 0.291507 0.300597 0.26521
v 0.439549 2.024396 1.808836 0.291507 0.300597 0.26521
v 0.453646 1.912783 1.720462 0.291507 0.300597 0.26521
f 2191 2192 2193
v 0.400084 1.882230 1.843668 0.291507 0.300597 0.26521
v 0.427287 1.948925 1.835062 0.291507 0.300597 0.26521
v 0.453646 1.912783 1.720462 0.291507 0.300597 0.26521
f 2194 2195 2196
v 0.078121 1.747646 1.954078 0.291507 0.300597 0.26521
v 0.049199 1.693635 1.817843 0.291507 0.300597 0.26521
v 0.173657 1.713552 1.800967 0.291507 0.300597 0.26521
v 0.212121 1.772535 1.937260 0.291507 0.300597 0.26521
f 2197 2198 2199 2200
v -0.250526 1.428560 0.455957 0.291507 0.300597 0.26521
v -0.261011 1.511256 0.016288 0.291507 0.300597 0.26521
v -0.175097 1.417907 0.011181 0.291507 0.300597 0.26521
v -0.153031 1.367377 0.474588 0.291507 0.300597 0.26521
f 2201 2202 2203 2204
v -0.175097 1.417907 0.011181 0.291507 0.300597 0.26521
v -0.176984 1.431400 -0.134952 0.291507 0.300597 0.26521
v 0.000000 1.400008 -0.138246 0.291507 0.300597 0.26521
v 0.000000 1.382687 0.013395 0.291507 0.300597 0.26521
f 2205 2206 2207 2208
v -0.175097 1.417907 0.011181 0.291507 0.300597 0.26521
v -0.261011 1.511256 0.016288 0.291507 0.300597 0.26521
v -0.312241 1.524383 -0.157392 0.291507 0.300597 0.26521
v -0.176984 1.431400 -0.134952 0.291507 0.300597 0.26521
f 2209 2210 2211 2212
v -0.316559 1.629832 0.046535 0.291507 0.300597 0.26521
v -0.261011 1.511256 0.016288 0.291507 0.300597 0.26521
v -0.250526 1.428560 0.455957 0.291507 0.300597 0.26521
v -0.318460 1.587125 0.416223 0.291507 0.300597 0.26521
f 2213 2214 2215 2216
v -0.153031 1.367377 0.474588 0.291507 0.300597 0.26521
v -0.138730 1.302508 0.770478 0.291507 0.300597 0.26521
v -0.252080 1.358161 0.725648 0.291507 0.300597 0.26521
v -0.250526 1.428560 0.455957 0.291507 0.300597 0.26521
f 2217 2218 2219 2220
v -0.135513 1.325485 0.980024 0.291507 0.300597 0.26521
v -0.199762 1.346695 0.971453 0.291507 0.300597 0.26521
v -0.252080 1.358161 0.725648 0.291507 0.300597 0.26521
v -0.138730 1.302508 0.770478 0.291507 0.300597 0.26521
f 2221 2222 2223 2224
v -0.318460 1.587125 0.416223 0.291507 0.300597 0.26521
v -0.250526 1.428560 0.455957 0.291507 0.300597 0.26521
v -0.252080 1.358161 0.725648 0.291507 0.300597 0.26521
v -0.341720 1.545703 0.728818 0.291507 0.300597 0.26521
f 2225 2226 2227 2228
v -0.166663 1.675669 1.658362 0.291507 0.300597 0.26521
v -0.105436 1.608488 1.650866 0.291507 0.300597 0.26521
v -0.076441 1.715630 1.823002 0.291507 0.300597 0.26521
v -0.185309 1.764663 1.841099 0.291507 0.300597 0.26521
f 2229 2230 2231 2232
v -0.140685 1.386273 1.260680 0.291507 0.300597 0.26521
v -0.000921 1.374049 1.260498 0.291507 0.300597 0.26521
v 0.007928 1.504407 1.481250 0.291507 0.300597 0.26521
v -0.133581 1.514581 1.482892 0.291507 0.300597 0.26521
f 2233 2234 2235 2236
v -0.133581 1.514581 1.482892 0.291507 0.300597 0.26521
v -0.105436 1.608488 1.650866 0.291507 0.300597 0.26521
v -0.166663 1.675669 1.658362 0.291507 0.300597 0.26521
v -0.206208 1.534183 1.448866 0.291507 0.300597 0.26521
f 2237 2238 2239 2240
v -0.133581 1.514581 1.482892 0.291507 0.300597 0.26521
v 0.007928 1.504407 1.481250 0.291507 0.300597 0.26521
v 0.023362 1.584497 1.642954 0.291507 0.300597 0.26521
v -0.105436 1.608488 1.650866 0.291507 0.300597 0.26521
f 2241 2242 2243 2244
v -0.249488 1.922826 1.947569 0.291507 0.300597 0.26521
v -0.264352 1.915178 1.860364 0.291507 0.300597 0.26521
v -0.185309 1.764663 1.841099 0.291507 0.300597 0.26521
v -0.211365 1.842698 1.969678 0.291507 0.300597 0.26521
f 2245 2246 2247 2248
v -0.105436 1.608488 1.650866 0.291507 0.300597 0.26521
v 0.023362 1.584497 1.642954 0.291507 0.300597 0.26521
v 0.049199 1.693635 1.817843 0.291507 0.300597 0.26521
v -0.076441 1.715630 1.823002 0.291507 0.300597 0.26521
f 2249 2250 2251 2252
v -0.086409 1.511147 -0.810334 0.291507 0.300597 0.26521
v -0.109803 1.435753 -0.326887 0.291507 0.300597 0.26521
v -0.194662 1.355965 -0.350726 0.291507 0.300597 0.26521
v -0.156788 1.394173 -0.834734 0.291507 0.300597 0.26521
f 2253 2254 2255 2256
v -0.109803 1.435753 -0.326887 0.291507 0.300597 0.26521
v -0.176984 1.431400 -0.134952 0.291507 0.300597 0.26521
v -0.312241 1.524383 -0.157392 0.291507 0.300597 0.26521
v -0.194662 1.355965 -0.350726 0.291507 0.300597 0.26521
f 2257 2258 2259 2260
v -0.109803 1.435753 -0.326887 0.291507 0.300597 0.26521
v 0.000000 1.427981 -0.316386 0.291507 0.300597 0.26521
v 0.000000 1.400008 -0.138246 0.291507 0.300597 0.26521
v -0.176984 1.431400 -0.134952 0.291507 0.300597 0.26521
f 2261 2262 2263 2264
v -0.086409 1.511147 -0.810334 0.291507 0.300597 0.26521
v -0.000000 1.511027 -0.809358 0.291507 0.300597 0.26521
v 0.000000 1.427981 -0.316386 0.291507 0.300597 0.26521
v -0.109803 1.435753 -0.326887 0.291507 0.300597 0.26521
f 2265 2266 2267 2268
v -0.086409 1.511147 -0.810334 0.291507 0.300597 0.26521
v -0.086937 1.629518 -1.025193 0.291507 0.300597 0.26521
v -0.000000 1.631927 -1.026573 0.291507 0.300597 0.26521
v -0.000000 1.511027 -0.809358 0.291507 0.300597 0.26521
f 2269 2270 2271 2272
v -0.086409 1.511147 -0.810334 0.291507 0.300597 0.26521
v -0.156788 1.394173 -0.834734 0.291507 0.300597 0.26521
v -0.218254 1.546115 -1.005728 0.291507 0.300597 0.26521
v -0.086937 1.629518 -1.025193 0.291507 0.300597 0.26521
f 2273 2274 2275 2276
v -0.123227 1.769226 -1.059930 0.291507 0.300597 0.26521
v 0.000000 1.784714 -1.060085 0.291507 0.300597 0.26521
v -0.000000 1.631927 -1.026573 0.291507 0.300597 0.26521
v -0.086937 1.629518 -1.025193 0.291507 0.300597 0.26521
f 2277 2278 2279 2280
v -0.123227 1.769226 -1.059930 0.291507 0.300597 0.26521
v -0.107712 1.928293 -1.047472 0.291507 0.300597 0.26521
v -0.000000 1.903182 -1.062484 0.291507 0.300597 0.26521
v 0.000000 1.784714 -1.060085 0.291507 0.300597 0.26521
f 2281 2282 2283 2284
v -0.123227 1.769226 -1.059930 0.291507 0.300597 0.26521
v -0.247351 1.711441 -1.033585 0.291507 0.300597 0.26521
v -0.250573 1.841831 -0.998319 0.291507 0.300597 0.26521
v -0.107712 1.928293 -1.047472 0.291507 0.300597 0.26521
f 2285 2286 2287 2288
v -0.123227 1.769226 -1.059930 0.291507 0.300597 0.26521
v -0.086937 1.629518 -1.025193 0.291507 0.300597 0.26521
v -0.218254 1.546115 -1.005728 0.291507 0.300597 0.26521
v -0.247351 1.711441 -1.033585 0.291507 0.300597 0.26521
f 2289 2290 2291 2292
v -0.242900 1.759092 1.657122 0.291507 0.300597 0.26521
v -0.166663 1.675669 1.658362 0.291507 0.300597 0.26521
v -0.185309 1.764663 1.841099 0.291507 0.300597 0.26521
v -0.264352 1.915178 1.860364 0.291507 0.300597 0.26521
f 2293 2294 2295 2296
v -0.316559 1.629832 0.046535 0.291507 0.300597 0.26521
v -0.384948 1.651635 -0.081606 0.291507 0.300597 0.26521
v -0.312241 1.524383 -0.157392 0.291507 0.300597 0.26521
v -0.261011 1.511256 0.016288 0.291507 0.300597 0.26521
f 2297 2298 2299 2300
v -0.191364 0.954764 -2.394578 0.291507 0.300597 0.26521
v -0.000010 0.912438 -2.368930 0.291507 0.300597 0.26521
v -0.000009 0.959562 -2.128671 0.291507 0.300597 0.26521
v -0.232225 0.992486 -2.149109 0.291507 0.300597 0.26521
f 2301 2302 2303 2304
v -0.191364 0.954764 -2.394578 0.291507 0.300597 0.26521
v -0.147322 0.969264 -2.569158 0.291507 0.300597 0.26521
v -0.000010 0.918762 -2.539437 0.291507 0.300597 0.26521
v -0.000010 0.912438 -2.368930 0.291507 0.300597 0.26521
f 2305 2306 2307 2308
v -0.100888 1.232703 -2.483696 0.291507 0.300597 0.26521
v -0.165969 1.113754 -2.445565 0.291507 0.300597 0.26521
v -0.218850 1.142236 -2.244539 0.291507 0.300597 0.26521
v -0.136329 1.296021 -2.328707 0.291507 0.300597 0.26521
f 2309 2310 2311 2312
v -0.100888 1.232703 -2.483696 0.291507 0.300597 0.26521
v -0.060903 1.207551 -2.722081 0.291507 0.300597 0.26521
v -0.117833 1.098950 -2.639556 0.291507 0.300597 0.26521
v -0.165969 1.113754 -2.445565 0.291507 0.300597 0.26521
f 2313 2314 2315 2316
v -0.089282 1.029691 -2.694693 0.291507 0.300597 0.26521
v -0.000008 1.006603 -2.717097 0.291507 0.300597 0.26521
v -0.000010 0.918762 -2.539437 0.291507 0.300597 0.26521
v -0.147322 0.969264 -2.569158 0.291507 0.300597 0.26521
f 2317 2318 2319 2320
v -0.032406 1.208353 -2.829198 0.291507 0.300597 0.26521
v -0.064661 1.150866 -2.792752 0.291507 0.300597 0.26521
v -0.117833 1.098950 -2.639556 0.291507 0.300597 0.26521
v -0.060903 1.207551 -2.722081 0.291507 0.300597 0.26521
f 2321 2322 2323 2324
v -0.000005 1.261122 -2.496219 0.291507 0.300597 0.26521
v -0.100888 1.232703 -2.483696 0.291507 0.300597 0.26521
v -0.136329 1.296021 -2.328707 0.291507 0.300597 0.26521
v -0.000004 1.320235 -2.336554 0.291507 0.300597 0.26521
f 2325 2326 2327 2328
v -0.032406 1.208353 -2.829198 0.291507 0.300597 0.26521
v -0.000005 1.221460 -2.887134 0.291507 0.300597 0.26521
v -0.000006 1.158104 -2.858071 0.291507 0.300597 0.26521
v -0.064661 1.150866 -2.792752 0.291507 0.300597 0.26521
f 2329 2330 2331 2332
v -0.165969 1.113754 -2.445565 0.291507 0.300597 0.26521
v -0.191364 0.954764 -2.394578 0.291507 0.300597 0.26521
v -0.232225 0.992486 -2.149109 0.291507 0.300597 0.26521
v -0.218850 1.142236 -2.244539 0.291507 0.300597 0.26521
f 2333 2334 2335 2336
v -0.064661 1.150866 -2.792752 0.291507 0.300597 0.26521
v -0.000006 1.158104 -2.858071 0.291507 0.300597 0.26521
v -0.000008 1.006603 -2.717097 0.291507 0.300597 0.26521
v -0.089282 1.029691 -2.694693 0.291507 0.300597 0.26521
f 2337 2338 2339 2340
v -0.000005 1.261122 -2.496219 0.291507 0.300597 0.26521
v -0.000005 1.224283 -2.734416 0.291507 0.300597 0.26521
v -0.060903 1.207551 -2.722081 0.291507 0.300597 0.26521
v -0.100888 1.232703 -2.483696 0.291507 0.300597 0.26521
f 2341 2342 2343 2344
v -0.165969 1.113754 -2.445565 0.291507 0.300597 0.26521
v -0.117833 1.098950 -2.639556 0.291507 0.300597 0.26521
v -0.147322 0.969264 -2.569158 0.291507 0.300597 0.26521
v -0.191364 0.954764 -2.394578 0.291507 0.300597 0.26521
f 2345 2346 2347 2348
v -0.000005 1.221460 -2.887134 0.291507 0.300597 0.26521
v -0.032406 1.208353 -2.829198 0.291507 0.300597 0.26521
v -0.060903 1.207551 -2.722081 0.291507 0.300597 0.26521
v -0.000005 1.224283 -2.734416 0.291507 0.300597 0.26521
f 2349 2350 2351 2352
v -0.064661 1.150866 -2.792752 0.291507 0.300597 0.26521
v -0.089282 1.029691 -2.694693 0.291507 0.300597 0.26521
v -0.147322 0.969264 -2.569158 0.291507 0.300597 0.26521
v -0.117833 1.098950 -2.639556 0.291507 0.300597 0.26521
f 2353 2354 2355 2356
v -0.137791 1.995557 2.245615 0.291507 0.300597 0.26521
v -0.217577 1.974377 2.141589 0.291507 0.300597 0.26521
v -0.160027 1.860444 2.133239 0.291507 0.300597 0.26521
v -0.097236 1.882981 2.243371 0.291507 0.300597 0.26521
f 2357 2358 2359 2360
v -0.154651 2.111717 2.216603 0.291507 0.300597 0.26521
v -0.137791 1.995557 2.245615 0.291507 0.300597 0.26521
v -0.083938 1.990922 2.326885 0.291507 0.300597 0.26521
v -0.063298 2.077188 2.342726 0.291507 0.300597 0.26521
f 2361 2362 2363 2364
v -0.137791 1.995557 2.245615 0.291507 0.300597 0.26521
v -0.097236 1.882981 2.243371 0.291507 0.300597 0.26521
v -0.064105 1.883042 2.303410 0.291507 0.300597 0.26521
v -0.083938 1.990922 2.326885 0.291507 0.300597 0.26521
f 2365 2366 2367 2368
v -0.076441 1.715630 1.823002 0.291507 0.300597 0.26521
v -0.057794 1.765910 1.959413 0.291507 0.300597 0.26521
v -0.211365 1.842698 1.969678 0.291507 0.300597 0.26521
v -0.185309 1.764663 1.841099 0.291507 0.300597 0.26521
f 2369 2370 2371 2372
v -0.057794 1.765910 1.959413 0.291507 0.300597 0.26521
v -0.048423 1.806466 2.113399 0.291507 0.300597 0.26521
v -0.160027 1.860444 2.133239 0.291507 0.300597 0.26521
v -0.211365 1.842698 1.969678 0.291507 0.300597 0.26521
f 2373 2374 2375 2376
v -0.019659 1.827207 2.215240 0.291507 0.300597 0.26521
v -0.048423 1.806466 2.113399 0.291507 0.300597 0.26521
v 0.091902 1.789000 2.087784 0.291507 0.300597 0.26521
v 0.101301 1.821843 2.197852 0.291507 0.300597 0.26521
f 2377 2378 2379 2380
v -0.019659 1.827207 2.215240 0.291507 0.300597 0.26521
v -0.097236 1.882981 2.243371 0.291507 0.300597 0.26521
v -0.160027 1.860444 2.133239 0.291507 0.300597 0.26521
v -0.048423 1.806466 2.113399 0.291507 0.300597 0.26521
f 2381 2382 2383 2384
v -0.019659 1.827207 2.215240 0.291507 0.300597 0.26521
v 0.005588 1.839118 2.284397 0.291507 0.300597 0.26521
v -0.064105 1.883042 2.303410 0.291507 0.300597 0.26521
v -0.097236 1.882981 2.243371 0.291507 0.300597 0.26521
f 2385 2386 2387 2388
v -0.019659 1.827207 2.215240 0.291507 0.300597 0.26521
v 0.101301 1.821843 2.197852 0.291507 0.300597 0.26521
v 0.107271 1.835629 2.280042 0.291507 0.300597 0.26521
v 0.005588 1.839118 2.284397 0.291507 0.300597 0.26521
f 2389 2390 2391 2392
v 0.080094 1.925428 2.657450 0.291507 0.300597 0.26521
v 0.038435 1.932547 2.621348 0.291507 0.300597 0.26521
v 0.044385 1.874266 2.601445 0.291507 0.300597 0.26521
v 0.080163 1.849652 2.601489 0.291507 0.300597 0.26521
f 2393 2394 2395 2396
v 0.080094 1.925428 2.657450 0.291507 0.300597 0.26521
v 0.079269 1.978716 2.679161 0.291507 0.300597 0.26521
v 0.051632 2.007788 2.647652 0.291507 0.300597 0.26521
v 0.038435 1.932547 2.621348 0.291507 0.300597 0.26521
f 2397 2398 2399 2400
v 0.080094 1.925428 2.657450 0.291507 0.300597 0.26521
v 0.129257 1.927862 2.654024 0.291507 0.300597 0.26521
v 0.129119 1.954075 2.670667 0.291507 0.300597 0.26521
v 0.079269 1.978716 2.679161 0.291507 0.300597 0.26521
f 2401 2402 2403 2404
v 0.080094 1.925428 2.657450 0.291507 0.300597 0.26521
v 0.080163 1.849652 2.601489 0.291507 0.300597 0.26521
v 0.129486 1.845355 2.598699 0.291507 0.300597 0.26521
v 0.129257 1.927862 2.654024 0.291507 0.300597 0.26521
f 2405 2406 2407 2408
v -0.043260 1.976578 2.405215 0.291507 0.300597 0.26521
v -0.083938 1.990922 2.326885 0.291507 0.300597 0.26521
v -0.064105 1.883042 2.303410 0.291507 0.300597 0.26521
v -0.027949 1.879992 2.358771 0.291507 0.300597 0.26521
f 2409 2410 2411 2412
v -0.043260 1.976578 2.405215 0.291507 0.300597 0.26521
v -0.021171 2.045447 2.433312 0.291507 0.300597 0.26521
v -0.063298 2.077188 2.342726 0.291507 0.300597 0.26521
v -0.083938 1.990922 2.326885 0.291507 0.300597 0.26521
f 2413 2414 2415 2416
v -0.043260 1.976578 2.405215 0.291507 0.300597 0.26521
v 0.038435 1.932547 2.621348 0.291507 0.300597 0.26521
v 0.051632 2.007788 2.647652 0.291507 0.300597 0.26521
v 0.053367 2.023827 2.648452 0.291507 0.300597 0.26521
v -0.021171 2.045447 2.433312 0.291507 0.300597 0.26521
f 2417 2418 2419 2420 2421
v -0.043260 1.976578 2.405215 0.291507 0.300597 0.26521
v -0.027949 1.879992 2.358771 0.291507 0.300597 0.26521
v 0.044385 1.874266 2.601445 0.291507 0.300597 0.26521
v 0.038435 1.932547 2.621348 0.291507 0.300597 0.26521
f 2422 2423 2424 2425
v 0.025832 1.840441 2.343570 0.291507 0.300597 0.26521
v 0.005588 1.839118 2.284397 0.291507 0.300597 0.26521
v 0.107271 1.835629 2.280042 0.291507 0.300597 0.26521
v 0.111326 1.844673 2.337612 0.291507 0.300597 0.26521
f 2426 2427 2428 2429
v 0.025832 1.840441 2.343570 0.291507 0.300597 0.26521
v -0.027949 1.879992 2.358771 0.291507 0.300597 0.26521
v -0.064105 1.883042 2.303410 0.291507 0.300597 0.26521
v 0.005588 1.839118 2.284397 0.291507 0.300597 0.26521
f 2430 2431 2432 2433
v 0.025832 1.840441 2.343570 0.291507 0.300597 0.26521
v 0.080163 1.849652 2.601489 0.291507 0.300597 0.26521
v 0.044385 1.874266 2.601445 0.291507 0.300597 0.26521
v -0.027949 1.879992 2.358771 0.291507 0.300597 0.26521
f 2434 2435 2436 2437
v 0.025832 1.840441 2.343570 0.291507 0.300597 0.26521
v 0.111326 1.844673 2.337612 0.291507 0.300597 0.26521
v 0.129486 1.845355 2.598699 0.291507 0.300597 0.26521
v 0.080163 1.849652 2.601489 0.291507 0.300597 0.26521
f 2438 2439 2440 2441
v -0.135513 1.325485 0.980024 0.291507 0.300597 0.26521
v -0.138730 1.302508 0.770478 0.291507 0.300597 0.26521
v 0.000000 1.286049 0.790917 0.291507 0.300597 0.26521
v -0.000000 1.306290 0.974732 0.291507 0.300597 0.26521
f 2442 2443 2444 2445
v -0.231657 2.099427 2.117186 0.291507 0.300597 0.26521
v -0.217577 1.974377 2.141589 0.291507 0.300597 0.26521
v -0.137791 1.995557 2.245615 0.291507 0.300597 0.26521
v -0.154651 2.111717 2.216603 0.291507 0.300597 0.26521
f 2446 2447 2448 2449
v -0.153031 1.367377 0.474588 0.291507 0.300597 0.26521
v 0.000000 1.330203 0.513053 0.291507 0.300597 0.26521
v 0.000000 1.286049 0.790917 0.291507 0.300597 0.26521
v -0.138730 1.302508 0.770478 0.291507 0.300597 0.26521
f 2450 2451 2452 2453
v -0.211365 1.842698 1.969678 0.291507 0.300597 0.26521
v -0.160027 1.860444 2.133239 0.291507 0.300597 0.26521
v -0.217577 1.974377 2.141589 0.291507 0.300597 0.26521
v -0.255571 1.946149 2.024596 0.291507 0.300597 0.26521
f 2454 2455 2456 2457
v -0.217577 1.974377 2.141589 0.291507 0.300597 0.26521
v -0.231657 2.099427 2.117186 0.291507 0.300597 0.26521
v -0.285183 2.089090 1.967042 0.291507 0.300597 0.26521
v -0.255571 1.946149 2.024596 0.291507 0.300597 0.26521
f 2458 2459 2460 2461
v -0.358343 2.381108 2.031941 0.291507 0.300597 0.26521
v -0.326699 2.403769 2.051953 0.291507 0.300597 0.26521
v -0.360330 2.495996 2.078650 0.291507 0.300597 0.26521
v -0.391597 2.503177 2.085761 0.291507 0.300597 0.26521
f 2462 2463 2464 2465
v -0.391597 2.503177 2.085761 0.291507 0.300597 0.26521
v -0.360330 2.495996 2.078650 0.291507 0.300597 0.26521
v -0.367964 2.570314 2.150009 0.291507 0.300597 0.26521
v -0.413537 2.595811 2.164600 0.291507 0.300597 0.26521
f 2466 2467 2468 2469
v -0.201406 2.376211 2.183209 0.291507 0.300597 0.26521
v -0.231891 2.425996 2.161849 0.291507 0.300597 0.26521
v -0.236080 2.380028 2.117743 0.291507 0.300597 0.26521
v -0.233105 2.331849 2.105390 0.291507 0.300597 0.26521
f 2470 2471 2472 2473
v -0.413537 2.595811 2.164600 0.291507 0.300597 0.26521
v -0.367964 2.570314 2.150009 0.291507 0.300597 0.26521
v -0.354831 2.596332 2.189034 0.291507 0.300597 0.26521
v -0.396534 2.628615 2.217633 0.291507 0.300597 0.26521
f 2474 2475 2476 2477
v -0.240493 2.460310 2.211820 0.291507 0.300597 0.26521
v -0.244114 2.472602 2.173565 0.291507 0.300597 0.26521
v -0.231891 2.425996 2.161849 0.291507 0.300597 0.26521
v -0.201406 2.376211 2.183209 0.291507 0.300597 0.26521
f 2478 2479 2480 2481
v -0.362858 2.605732 2.239878 0.291507 0.300597 0.26521
v -0.329989 2.577212 2.205403 0.291507 0.300597 0.26521
v -0.279008 2.514541 2.178358 0.291507 0.300597 0.26521
v -0.280714 2.516041 2.222131 0.291507 0.300597 0.26521
f 2482 2483 2484 2485
v -0.236080 2.380028 2.117743 0.291507 0.300597 0.26521
v -0.265560 2.469395 2.113727 0.291507 0.300597 0.26521
v -0.326699 2.403769 2.051953 0.291507 0.300597 0.26521
v -0.294718 2.378510 2.057080 0.291507 0.300597 0.26521
f 2486 2487 2488 2489
v -0.231891 2.425996 2.161849 0.291507 0.300597 0.26521
v -0.244114 2.472602 2.173565 0.291507 0.300597 0.26521
v -0.265560 2.469395 2.113727 0.291507 0.300597 0.26521
v -0.236080 2.380028 2.117743 0.291507 0.300597 0.26521
f 2490 2491 2492 2493
v -0.244114 2.472602 2.173565 0.291507 0.300597 0.26521
v -0.279008 2.514541 2.178358 0.291507 0.300597 0.26521
v -0.316086 2.539996 2.130851 0.291507 0.300597 0.26521
v -0.265560 2.469395 2.113727 0.291507 0.300597 0.26521
f 2494 2495 2496 2497
v -0.265560 2.469395 2.113727 0.291507 0.300597 0.26521
v -0.316086 2.539996 2.130851 0.291507 0.300597 0.26521
v -0.360330 2.495996 2.078650 0.291507 0.300597 0.26521
v -0.326699 2.403769 2.051953 0.291507 0.300597 0.26521
f 2498 2499 2500 2501
v -0.316086 2.539996 2.130851 0.291507 0.300597 0.26521
v -0.354831 2.596332 2.189034 0.291507 0.300597 0.26521
v -0.367964 2.570314 2.150009 0.291507 0.300597 0.26521
v -0.360330 2.495996 2.078650 0.291507 0.300597 0.26521
f 2502 2503 2504 2505
v -0.279008 2.514541 2.178358 0.291507 0.300597 0.26521
v -0.329989 2.577212 2.205403 0.291507 0.300597 0.26521
v -0.354831 2.596332 2.189034 0.291507 0.300597 0.26521
v -0.316086 2.539996 2.130851 0.291507 0.300597 0.26521
f 2506 2507 2508 2509
v -0.233105 2.331849 2.105390 0.291507 0.300597 0.26521
v -0.236080 2.380028 2.117743 0.291507 0.300597 0.26521
v -0.294718 2.378510 2.057080 0.291507 0.300597 0.26521
v -0.319163 2.296240 2.005273 0.291507 0.300597 0.26521
f 2510 2511 2512 2513
v -0.319163 2.296240 2.005273 0.291507 0.300597 0.26521
v -0.294718 2.378510 2.057080 0.291507 0.300597 0.26521
v -0.326699 2.403769 2.051953 0.291507 0.300597 0.26521
v -0.358343 2.381108 2.031941 0.291507 0.300597 0.26521
f 2514 2515 2516 2517
v -0.396534 2.628615 2.217633 0.291507 0.300597 0.26521
v -0.354831 2.596332 2.189034 0.291507 0.300597 0.26521
v -0.329989 2.577212 2.205403 0.291507 0.300597 0.26521
v -0.362858 2.605732 2.239878 0.291507 0.300597 0.26521
f 2518 2519 2520 2521
v -0.280714 2.516041 2.222131 0.291507 0.300597 0.26521
v -0.279008 2.514541 2.178358 0.291507 0.300597 0.26521
v -0.244114 2.472602 2.173565 0.291507 0.300597 0.26521
v -0.240493 2.460310 2.211820 0.291507 0.300597 0.26521
f 2522 2523 2524 2525
v 0.078121 1.747646 1.954078 0.291507 0.300597 0.26521
v 0.091902 1.789000 2.087784 0.291507 0.300597 0.26521
v -0.048423 1.806466 2.113399 0.291507 0.300597 0.26521
v -0.057794 1.765910 1.959413 0.291507 0.300597 0.26521
f 2526 2527 2528 2529
v -0.140685 1.386273 1.260680 0.291507 0.300597 0.26521
v -0.135513 1.325485 0.980024 0.291507 0.300597 0.26521
v -0.000000 1.306290 0.974732 0.291507 0.300597 0.26521
v -0.000921 1.374049 1.260498 0.291507 0.300597 0.26521
f 2530 2531 2532 2533
v -0.140685 1.386273 1.260680 0.291507 0.300597 0.26521
v -0.214584 1.405598 1.262199 0.291507 0.300597 0.26521
v -0.199762 1.346695 0.971453 0.291507 0.300597 0.26521
v -0.135513 1.325485 0.980024 0.291507 0.300597 0.26521
f 2534 2535 2536 2537
v -0.175097 1.417907 0.011181 0.291507 0.300597 0.26521
v 0.000000 1.382687 0.013395 0.291507 0.300597 0.26521
v 0.000000 1.330203 0.513053 0.291507 0.300597 0.26521
v -0.153031 1.367377 0.474588 0.291507 0.300597 0.26521
f 2538 2539 2540 2541
v -0.206208 1.534183 1.448866 0.291507 0.300597 0.26521
v -0.214584 1.405598 1.262199 0.291507 0.300597 0.26521
v -0.140685 1.386273 1.260680 0.291507 0.300597 0.26521
v -0.133581 1.514581 1.482892 0.291507 0.300597 0.26521
f 2542 2543 2544 2545
v -0.206208 1.534183 1.448866 0.291507 0.300597 0.26521
v -0.166663 1.675669 1.658362 0.291507 0.300597 0.26521
v -0.242900 1.759092 1.657122 0.291507 0.300597 0.26521
v -0.308024 1.553684 1.370161 0.291507 0.300597 0.26521
f 2546 2547 2548 2549
v -0.206208 1.534183 1.448866 0.291507 0.300597 0.26521
v -0.308024 1.553684 1.370161 0.291507 0.300597 0.26521
v -0.214584 1.405598 1.262199 0.291507 0.300597 0.26521
f 2550 2551 2552
v -0.321946 1.928024 1.876430 0.291507 0.300597 0.26521
v -0.331305 1.888052 1.780959 0.291507 0.300597 0.26521
v -0.258833 1.862187 1.894775 0.291507 0.300597 0.26521
f 2553 2554 2555
v -0.211365 1.842698 1.969678 0.291507 0.300597 0.26521
v -0.258833 1.862187 1.894775 0.291507 0.300597 0.26521
v -0.290667 1.926713 1.890540 0.291507 0.300597 0.26521
v -0.249488 1.922826 1.947569 0.291507 0.300597 0.26521
f 2556 2557 2558 2559
v -0.285183 2.089090 1.967042 0.291507 0.300597 0.26521
v -0.310378 1.999720 1.866203 0.291507 0.300597 0.26521
v -0.321946 1.928024 1.876430 0.291507 0.300597 0.26521
v -0.255571 1.946149 2.024596 0.291507 0.300597 0.26521
f 2560 2561 2562 2563
v -0.310378 1.999720 1.866203 0.291507 0.300597 0.26521
v -0.331305 1.888052 1.780959 0.291507 0.300597 0.26521
v -0.321946 1.928024 1.876430 0.291507 0.300597 0.26521
f 2564 2565 2566
v -0.249488 1.922826 1.947569 0.291507 0.300597 0.26521
v -0.290667 1.926713 1.890540 0.291507 0.300597 0.26521
v -0.310378 1.999720 1.866203 0.291507 0.300597 0.26521
v -0.285183 2.089090 1.967042 0.291507 0.300597 0.26521
f 2567 2568 2569 2570
v -0.255571 1.946149 2.024596 0.291507 0.300597 0.26521
v -0.321946 1.928024 1.876430 0.291507 0.300597 0.26521
v -0.258833 1.862187 1.894775 0.291507 0.300597 0.26521
v -0.211365 1.842698 1.969678 0.291507 0.300597 0.26521
f 2571 2572 2573 2574
v -0.290667 1.926713 1.890540 0.291507 0.300597 0.26521
v -0.331305 1.888052 1.780959 0.291507 0.300597 0.26521
v -0.310378 1.999720 1.866203 0.291507 0.300597 0.26521
f 2575 2576 2577
v -0.258833 1.862187 1.894775 0.291507 0.300597 0.26521
v -0.331305 1.888052 1.780959 0.291507 0.300597 0.26521
v -0.290667 1.926713 1.890540 0.291507 0.300597 0.26521
f 2578 2579 2580
v 0.078121 1.747646 1.954078 0.291507 0.300597 0.26521
v -0.057794 1.765910 1.959413 0.291507 0.300597 0.26521
v -0.076441 1.715630 1.823002 0.291507 0.300597 0.26521
v 0.049199 1.693635 1.817843 0.291507 0.300597 0.26521
f 2581 2582 2583 2584
v 0.594822 2.643848 2.088278 0.078801 0.078801 0.078801
v 0.582331 2.690183 2.157893 0.078801 0.078801 0.078801
v 0.557769 2.644315 2.134607 0.078801 0.078801 0.078801
v 0.566588 2.612092 2.079410 0.078801 0.078801 0.078801
f 2585 2586 2587 2588
v 0.393366 2.577941 2.019358 0.078801 0.078801 0.078801
v 0.401856 2.565413 2.126436 0.078801 0.078801 0.078801
v 0.503572 2.661640 2.130847 0.078801 0.078801 0.078801
v 0.529655 2.682343 2.097801 0.078801 0.078801 0.078801
f 2589 2590 2591 2592
v 0.552645 2.522790 1.991266 0.078801 0.078801 0.078801
v 0.490529 2.546898 1.973698 0.078801 0.078801 0.078801
v 0.545596 2.652967 2.069397 0.078801 0.078801 0.078801
v 0.594822 2.643848 2.088278 0.078801 0.078801 0.078801
f 2593 2594 2595 2596
v 0.540505 2.652343 2.192737 0.078801 0.078801 0.078801
v 0.437714 2.544111 2.189015 0.078801 0.078801 0.078801
v 0.447796 2.528470 2.158982 0.078801 0.078801 0.078801
v 0.528980 2.620509 2.162342 0.078801 0.078801 0.078801
f 2597 2598 2599 2600
v 0.503572 2.661640 2.130847 0.078801 0.078801 0.078801
v 0.540505 2.652343 2.192737 0.078801 0.078801 0.078801
v 0.582331 2.690183 2.157893 0.078801 0.078801 0.078801
v 0.529655 2.682343 2.097801 0.078801 0.078801 0.078801
f 2601 2602 2603 2604
v 0.545596 2.652967 2.069397 0.078801 0.078801 0.078801
v 0.529655 2.682343 2.097801 0.078801 0.078801 0.078801
v 0.582331 2.690183 2.157893 0.078801 0.078801 0.078801
v 0.594822 2.643848 2.088278 0.078801 0.078801 0.078801
f 2605 2606 2607 2608
v 0.582331 2.690183 2.157893 0.078801 0.078801 0.078801
v 0.540505 2.652343 2.192737 0.078801 0.078801 0.078801
v 0.528980 2.620509 2.162342 0.078801 0.078801 0.078801
v 0.557769 2.644315 2.134607 0.078801 0.078801 0.078801
f 2609 2610 2611 2612
v 0.401856 2.565413 2.126436 0.078801 0.078801 0.078801
v 0.437714 2.544111 2.189015 0.078801 0.078801 0.078801
v 0.540505 2.652343 2.192737 0.078801 0.078801 0.078801
v 0.503572 2.661640 2.130847 0.078801 0.078801 0.078801
f 2613 2614 2615 2616
v 0.490529 2.546898 1.973698 0.078801 0.078801 0.078801
v 0.393366 2.577941 2.019358 0.078801 0.078801 0.078801
v 0.529655 2.682343 2.097801 0.078801 0.078801 0.078801
v 0.545596 2.652967 2.069397 0.078801 0.078801 0.078801
f 2617 2618 2619 2620
v 0.552645 2.522790 1.991266 0.078801 0.078801 0.078801
v 0.594822 2.643848 2.088278 0.078801 0.078801 0.078801
v 0.566588 2.612092 2.079410 0.078801 0.078801 0.078801
v 0.534667 2.518873 2.005414 0.078801 0.078801 0.078801
f 2621 2622 2623 2624
v 0.428688 0.760299 -1.083493 0.078801 0.078801 0.078801
v 0.388235 0.743933 -1.005308 0.078801 0.078801 0.078801
v 0.382967 0.627908 -1.057618 0.078801 0.078801 0.078801
v 0.421913 0.628712 -1.114159 0.078801 0.078801 0.078801
f 2625 2626 2627 2628
v 0.243136 0.799003 -1.057252 0.078801 0.078801 0.078801
v 0.247089 0.804325 -1.166437 0.078801 0.078801 0.078801
v 0.248119 0.629087 -1.198470 0.078801 0.078801 0.078801
v 0.259704 0.634529 -1.103083 0.078801 0.078801 0.078801
f 2629 2630 2631 2632
v 0.349006 0.858821 -1.196332 0.078801 0.078801 0.078801
v 0.392982 0.803667 -1.148884 0.078801 0.078801 0.078801
v 0.357794 0.812667 -1.273067 0.078801 0.078801 0.078801
f 2633 2634 2635
v 0.306269 0.739998 -0.989862 0.078801 0.078801 0.078801
v 0.243136 0.799003 -1.057252 0.078801 0.078801 0.078801
v 0.259704 0.634529 -1.103083 0.078801 0.078801 0.078801
v 0.307808 0.638970 -1.043748 0.078801 0.078801 0.078801
f 2636 2637 2638 2639
v 0.276299 0.862513 -1.195657 0.078801 0.078801 0.078801
v 0.349006 0.858821 -1.196332 0.078801 0.078801 0.078801
v 0.357794 0.812667 -1.273067 0.078801 0.078801 0.078801
v 0.289506 0.818626 -1.317235 0.078801 0.078801 0.078801
f 2640 2641 2642 2643
v 0.392982 0.803667 -1.148884 0.078801 0.078801 0.078801
v 0.428688 0.760299 -1.083493 0.078801 0.078801 0.078801
v 0.421913 0.628712 -1.114159 0.078801 0.078801 0.078801
v 0.410787 0.628016 -1.191040 0.078801 0.078801 0.078801
f 2644 2645 2646 2647
v 0.388235 0.743933 -1.005308 0.078801 0.078801 0.078801
v 0.306269 0.739998 -0.989862 0.078801 0.078801 0.078801
v 0.307808 0.638970 -1.043748 0.078801 0.078801 0.078801
v 0.382967 0.627908 -1.057618 0.078801 0.078801 0.078801
f 2648 2649 2650 2651
v 0.289506 0.818626 -1.317235 0.078801 0.078801 0.078801
v 0.357794 0.812667 -1.273067 0.078801 0.078801 0.078801
v 0.361972 0.641571 -1.256753 0.078801 0.078801 0.078801
v 0.284389 0.648724 -1.281054 0.078801 0.078801 0.078801
f 2652 2653 2654 2655
v 0.357794 0.812667 -1.273067 0.078801 0.078801 0.078801
v 0.392982 0.803667 -1.148884 0.078801 0.078801 0.078801
v 0.410787 0.628016 -1.191040 0.078801 0.078801 0.078801
v 0.361972 0.641571 -1.256753 0.078801 0.078801 0.078801
f 2656 2657 2658 2659
v 0.247089 0.804325 -1.166437 0.078801 0.078801 0.078801
v 0.289506 0.818626 -1.317235 0.078801 0.078801 0.078801
v 0.284389 0.648724 -1.281054 0.078801 0.078801 0.078801
v 0.248119 0.629087 -1.198470 0.078801 0.078801 0.078801
f 2660 2661 2662 2663
v 0.247089 0.804325 -1.166437 0.078801 0.078801 0.078801
v 0.276299 0.862513 -1.195657 0.078801 0.078801 0.078801
v 0.289506 0.818626 -1.317235 0.078801 0.078801 0.078801
f 2664 2665 2666
v 0.248119 0.629087 -1.198470 0.078801 0.078801 0.078801
v 0.284389 0.648724 -1.281054 0.078801 0.078801 0.078801
v 0.300039 0.358101 -1.186979 0.078801 0.078801 0.078801
v 0.263655 0.344778 -1.130535 0.078801 0.078801 0.078801
f 2667 2668 2669 2670
v 0.421913 0.628712 -1.114159 0.078801 0.078801 0.078801
v 0.382967 0.627908 -1.057618 0.078801 0.078801 0.078801
v 0.370344 0.354556 -0.986390 0.078801 0.078801 0.078801
v 0.401628 0.340383 -1.047936 0.078801 0.078801 0.078801
f 2671 2672 2673 2674
v 0.382967 0.627908 -1.057618 0.078801 0.078801 0.078801
v 0.307808 0.638970 -1.043748 0.078801 0.078801 0.078801
v 0.317060 0.364057 -0.978260 0.078801 0.078801 0.078801
v 0.370344 0.354556 -0.986390 0.078801 0.078801 0.078801
f 2675 2676 2677 2678
v 0.259704 0.634529 -1.103083 0.078801 0.078801 0.078801
v 0.248119 0.629087 -1.198470 0.078801 0.078801 0.078801
v 0.263655 0.344778 -1.130535 0.078801 0.078801 0.078801
v 0.276006 0.346143 -1.041270 0.078801 0.078801 0.078801
f 2679 2680 2681 2682
v 0.361972 0.641571 -1.256753 0.078801 0.078801 0.078801
v 0.410787 0.628016 -1.191040 0.078801 0.078801 0.078801
v 0.389188 0.343921 -1.125392 0.078801 0.078801 0.078801
v 0.347012 0.353888 -1.173635 0.078801 0.078801 0.078801
f 2683 2684 2685 2686
v 0.410787 0.628016 -1.191040 0.078801 0.078801 0.078801
v 0.421913 0.628712 -1.114159 0.078801 0.078801 0.078801
v 0.401628 0.340383 -1.047936 0.078801 0.078801 0.078801
v 0.389188 0.343921 -1.125392 0.078801 0.078801 0.078801
f 2687 2688 2689 2690
v 0.284389 0.648724 -1.281054 0.078801 0.078801 0.078801
v 0.361972 0.641571 -1.256753 0.078801 0.078801 0.078801
v 0.347012 0.353888 -1.173635 0.078801 0.078801 0.078801
v 0.300039 0.358101 -1.186979 0.078801 0.078801 0.078801
f 2691 2692 2693 2694
v 0.307808 0.638970 -1.043748 0.078801 0.078801 0.078801
v 0.259704 0.634529 -1.103083 0.078801 0.078801 0.078801
v 0.276006 0.346143 -1.041270 0.078801 0.078801 0.078801
v 0.317060 0.364057 -0.978260 0.078801 0.078801 0.078801
f 2695 2696 2697 2698
v 0.276006 0.346143 -1.041270 0.078801 0.078801 0.078801
v 0.263655 0.344778 -1.130535 0.078801 0.078801 0.078801
v 0.268956 0.190651 -1.083546 0.078801 0.078801 0.078801
v 0.280806 0.228061 -1.015445 0.078801 0.078801 0.078801
f 2699 2700 2701 2702
v 0.347012 0.353888 -1.173635 0.078801 0.078801 0.078801
v 0.389188 0.343921 -1.125392 0.078801 0.078801 0.078801
v 0.384343 0.190071 -1.078722 0.078801 0.078801 0.078801
v 0.352140 0.196055 -1.119177 0.078801 0.078801 0.078801
f 2703 2704 2705 2706
v 0.300039 0.358101 -1.186979 0.078801 0.078801 0.078801
v 0.347012 0.353888 -1.173635 0.078801 0.078801 0.078801
v 0.352140 0.196055 -1.119177 0.078801 0.078801 0.078801
v 0.296078 0.198776 -1.129809 0.078801 0.078801 0.078801
f 2707 2708 2709 2710
v 0.389188 0.343921 -1.125392 0.078801 0.078801 0.078801
v 0.401628 0.340383 -1.047936 0.078801 0.078801 0.078801
v 0.396245 0.221949 -1.022160 0.078801 0.078801 0.078801
v 0.384343 0.190071 -1.078722 0.078801 0.078801 0.078801
f 2711 2712 2713 2714
v 0.317060 0.364057 -0.978260 0.078801 0.078801 0.078801
v 0.276006 0.346143 -1.041270 0.078801 0.078801 0.078801
v 0.280806 0.228061 -1.015445 0.078801 0.078801 0.078801
v 0.319046 0.254238 -0.939873 0.078801 0.078801 0.078801
f 2715 2716 2717 2718
v 0.263655 0.344778 -1.130535 0.078801 0.078801 0.078801
v 0.300039 0.358101 -1.186979 0.078801 0.078801 0.078801
v 0.296078 0.198776 -1.129809 0.078801 0.078801 0.078801
v 0.268956 0.190651 -1.083546 0.078801 0.078801 0.078801
f 2719 2720 2721 2722
v 0.401628 0.340383 -1.047936 0.078801 0.078801 0.078801
v 0.370344 0.354556 -0.986390 0.078801 0.078801 0.078801
v 0.367985 0.245849 -0.949436 0.078801 0.078801 0.078801
v 0.396245 0.221949 -1.022160 0.078801 0.078801 0.078801
f 2723 2724 2725 2726
v 0.370344 0.354556 -0.986390 0.078801 0.078801 0.078801
v 0.317060 0.364057 -0.978260 0.078801 0.078801 0.078801
v 0.319046 0.254238 -0.939873 0.078801 0.078801 0.078801
v 0.367985 0.245849 -0.949436 0.078801 0.078801 0.078801
f 2727 2728 2729 2730
v 0.352140 0.196055 -1.119177 0.078801 0.078801 0.078801
v 0.384343 0.190071 -1.078722 0.078801 0.078801 0.078801
v 0.388857 0.080028 -0.988449 0.078801 0.078801 0.078801
v 0.358693 0.072415 -1.016012 0.078801 0.078801 0.078801
f 2731 2732 2733 2734
v 0.268956 0.190651 -1.083546 0.078801 0.078801 0.078801
v 0.296078 0.198776 -1.129809 0.078801 0.078801 0.078801
v 0.307062 0.072778 -1.023387 0.078801 0.078801 0.078801
v 0.282921 0.079828 -0.991317 0.078801 0.078801 0.078801
f 2735 2736 2737 2738
v 0.296078 0.198776 -1.129809 0.078801 0.078801 0.078801
v 0.352140 0.196055 -1.119177 0.078801 0.078801 0.078801
v 0.358693 0.072415 -1.016012 0.078801 0.078801 0.078801
v 0.307062 0.072778 -1.023387 0.078801 0.078801 0.078801
f 2739 2740 2741 2742
v 0.358693 0.072415 -1.016012 0.078801 0.078801 0.078801
v 0.388857 0.080028 -0.988449 0.078801 0.078801 0.078801
v 0.418700 -0.001681 -0.859942 0.078801 0.078801 0.078801
v 0.353025 0.000859 -0.887833 0.078801 0.078801 0.078801
f 2743 2744 2745 2746
v 0.282921 0.079828 -0.991317 0.078801 0.078801 0.078801
v 0.307062 0.072778 -1.023387 0.078801 0.078801 0.078801
v 0.309064 0.001310 -0.889963 0.078801 0.078801 0.078801
v 0.265279 0.002224 -0.878354 0.078801 0.078801 0.078801
f 2747 2748 2749 2750
v 0.307062 0.072778 -1.023387 0.078801 0.078801 0.078801
v 0.358693 0.072415 -1.016012 0.078801 0.078801 0.078801
v 0.353025 0.000859 -0.887833 0.078801 0.078801 0.078801
v 0.309064 0.001310 -0.889963 0.078801 0.078801 0.078801
f 2751 2752 2753 2754
v 0.353025 0.000859 -0.887833 0.078801 0.078801 0.078801
v 0.418700 -0.001681 -0.859942 0.078801 0.078801 0.078801
v 0.425795 0.003802 -0.730520 0.078801 0.078801 0.078801
v 0.354882 -0.001750 -0.718080 0.078801 0.078801 0.078801
f 2755 2756 2757 2758
v 0.265279 0.002224 -0.878354 0.078801 0.078801 0.078801
v 0.309064 0.001310 -0.889963 0.078801 0.078801 0.078801
v 0.304108 -0.001931 -0.720417 0.078801 0.078801 0.078801
v 0.265849 0.003593 -0.733222 0.078801 0.078801 0.078801
f 2759 2760 2761 2762
v 0.309064 0.001310 -0.889963 0.078801 0.078801 0.078801
v 0.353025 0.000859 -0.887833 0.078801 0.078801 0.078801
v 0.354882 -0.001750 -0.718080 0.078801 0.078801 0.078801
v 0.304108 -0.001931 -0.720417 0.078801 0.078801 0.078801
f 2763 2764 2765 2766
v 0.356799 0.040704 -0.719839 0.078801 0.078801 0.078801
v 0.427062 0.030340 -0.732928 0.078801 0.078801 0.078801
v 0.410897 0.101712 -0.754896 0.078801 0.078801 0.078801
v 0.356799 0.135420 -0.741806 0.078801 0.078801 0.078801
f 2767 2768 2769 2770
v 0.269044 0.029745 -0.735910 0.078801 0.078801 0.078801
v 0.300945 0.041097 -0.722417 0.078801 0.078801 0.078801
v 0.300945 0.136199 -0.744385 0.078801 0.078801 0.078801
v 0.282768 0.100533 -0.757878 0.078801 0.078801 0.078801
f 2771 2772 2773 2774
v 0.300945 0.041097 -0.722417 0.078801 0.078801 0.078801
v 0.356799 0.040704 -0.719839 0.078801 0.078801 0.078801
v 0.356799 0.135420 -0.741806 0.078801 0.078801 0.078801
v 0.300945 0.136199 -0.744385 0.078801 0.078801 0.078801
f 2775 2776 2777 2778
v 0.356799 0.135420 -0.741806 0.078801 0.078801 0.078801
v 0.410897 0.101712 -0.754896 0.078801 0.078801 0.078801
v 0.399230 0.099693 -0.823112 0.078801 0.078801 0.078801
v 0.351308 0.153009 -0.835333 0.078801 0.078801 0.078801
f 2779 2780 2781 2782
v 0.282768 0.100533 -0.757878 0.078801 0.078801 0.078801
v 0.300945 0.136199 -0.744385 0.078801 0.078801 0.078801
v 0.315596 0.154950 -0.837202 0.078801 0.078801 0.078801
v 0.287035 0.114067 -0.843801 0.078801 0.078801 0.078801
f 2783 2784 2785 2786
v 0.300945 0.136199 -0.744385 0.078801 0.078801 0.078801
v 0.356799 0.135420 -0.741806 0.078801 0.078801 0.078801
v 0.351308 0.153009 -0.835333 0.078801 0.078801 0.078801
v 0.315596 0.154950 -0.837202 0.078801 0.078801 0.078801
f 2787 2788 2789 2790
v 0.367985 0.245849 -0.949436 0.078801 0.078801 0.078801
v 0.319046 0.254238 -0.939873 0.078801 0.078801 0.078801
v 0.316901 0.193199 -0.895293 0.078801 0.078801 0.078801
v 0.357639 0.188371 -0.897151 0.078801 0.078801 0.078801
f 2791 2792 2793 2794
v 0.367985 0.245849 -0.949436 0.078801 0.078801 0.078801
v 0.357639 0.188371 -0.897151 0.078801 0.078801 0.078801
v 0.398005 0.150326 -0.912178 0.078801 0.078801 0.078801
v 0.396245 0.221949 -1.022160 0.078801 0.078801 0.078801
f 2795 2796 2797 2798
v 0.319046 0.254238 -0.939873 0.078801 0.078801 0.078801
v 0.280806 0.228061 -1.015445 0.078801 0.078801 0.078801
v 0.284933 0.154049 -0.909798 0.078801 0.078801 0.078801
v 0.316901 0.193199 -0.895293 0.078801 0.078801 0.078801
f 2799 2800 2801 2802
v 0.417445 0.036621 -0.838979 0.078801 0.078801 0.078801
v 0.399230 0.099693 -0.823112 0.078801 0.078801 0.078801
v 0.410897 0.101712 -0.754896 0.078801 0.078801 0.078801
v 0.427062 0.030340 -0.732928 0.078801 0.078801 0.078801
f 2803 2804 2805 2806
v 0.269044 0.029745 -0.735910 0.078801 0.078801 0.078801
v 0.282768 0.100533 -0.757878 0.078801 0.078801 0.078801
v 0.287035 0.114067 -0.843801 0.078801 0.078801 0.078801
v 0.268783 0.049179 -0.859111 0.078801 0.078801 0.078801
f 2807 2808 2809 2810
v 0.268783 0.049179 -0.859111 0.078801 0.078801 0.078801
v 0.287035 0.114067 -0.843801 0.078801 0.078801 0.078801
v 0.258550 0.102130 -0.888951 0.078801 0.078801 0.078801
v 0.247264 0.070672 -0.885531 0.078801 0.078801 0.078801
f 2811 2812 2813 2814
v 0.265279 0.002224 -0.878354 0.078801 0.078801 0.078801
v 0.268783 0.049179 -0.859111 0.078801 0.078801 0.078801
v 0.247264 0.070672 -0.885531 0.078801 0.078801 0.078801
v 0.238258 0.009450 -0.904735 0.078801 0.078801 0.078801
f 2815 2816 2817 2818
v 0.265849 0.003593 -0.733222 0.078801 0.078801 0.078801
v 0.269044 0.029745 -0.735910 0.078801 0.078801 0.078801
v 0.268783 0.049179 -0.859111 0.078801 0.078801 0.078801
v 0.265279 0.002224 -0.878354 0.078801 0.078801 0.078801
f 2819 2820 2821 2822
v 0.418700 -0.001681 -0.859942 0.078801 0.078801 0.078801
v 0.417445 0.036621 -0.838979 0.078801 0.078801 0.078801
v 0.427062 0.030340 -0.732928 0.078801 0.078801 0.078801
v 0.425795 0.003802 -0.730520 0.078801 0.078801 0.078801
f 2823 2824 2825 2826
v 0.304108 -0.001931 -0.720417 0.078801 0.078801 0.078801
v 0.354882 -0.001750 -0.718080 0.078801 0.078801 0.078801
v 0.356799 0.040704 -0.719839 0.078801 0.078801 0.078801
v 0.300945 0.041097 -0.722417 0.078801 0.078801 0.078801
f 2827 2828 2829 2830
v 0.265849 0.003593 -0.733222 0.078801 0.078801 0.078801
v 0.304108 -0.001931 -0.720417 0.078801 0.078801 0.078801
v 0.300945 0.041097 -0.722417 0.078801 0.078801 0.078801
v 0.269044 0.029745 -0.735910 0.078801 0.078801 0.078801
f 2831 2832 2833 2834
v 0.354882 -0.001750 -0.718080 0.078801 0.078801 0.078801
v 0.425795 0.003802 -0.730520 0.078801 0.078801 0.078801
v 0.427062 0.030340 -0.732928 0.078801 0.078801 0.078801
v 0.356799 0.040704 -0.719839 0.078801 0.078801 0.078801
f 2835 2836 2837 2838
v 0.384343 0.190071 -1.078722 0.078801 0.078801 0.078801
v 0.412533 0.104972 -0.969592 0.078801 0.078801 0.078801
v 0.388857 0.080028 -0.988449 0.078801 0.078801 0.078801
f 2839 2840 2841
v 0.287035 0.114067 -0.843801 0.078801 0.078801 0.078801
v 0.284933 0.154049 -0.909798 0.078801 0.078801 0.078801
v 0.263292 0.131908 -0.923972 0.078801 0.078801 0.078801
v 0.258550 0.102130 -0.888951 0.078801 0.078801 0.078801
f 2842 2843 2844 2845
v 0.247264 0.070672 -0.885531 0.078801 0.078801 0.078801
v 0.258550 0.102130 -0.888951 0.078801 0.078801 0.078801
v 0.263292 0.131908 -0.923972 0.078801 0.078801 0.078801
v 0.257643 0.103994 -0.969928 0.078801 0.078801 0.078801
f 2846 2847 2848 2849
v 0.268956 0.190651 -1.083546 0.078801 0.078801 0.078801
v 0.282921 0.079828 -0.991317 0.078801 0.078801 0.078801
v 0.257643 0.103994 -0.969928 0.078801 0.078801 0.078801
f 2850 2851 2852
v 0.238258 0.009450 -0.904735 0.078801 0.078801 0.078801
v 0.247264 0.070672 -0.885531 0.078801 0.078801 0.078801
v 0.257643 0.103994 -0.969928 0.078801 0.078801 0.078801
v 0.282921 0.079828 -0.991317 0.078801 0.078801 0.078801
f 2853 2854 2855 2856
v 0.282921 0.079828 -0.991317 0.078801 0.078801 0.078801
v 0.265279 0.002224 -0.878354 0.078801 0.078801 0.078801
v 0.238258 0.009450 -0.904735 0.078801 0.078801 0.078801
f 2857 2858 2859
v 0.417445 0.036621 -0.838979 0.078801 0.078801 0.078801
v 0.433859 0.066594 -0.885877 0.078801 0.078801 0.078801
v 0.424454 0.104957 -0.886373 0.078801 0.078801 0.078801
v 0.399230 0.099693 -0.823112 0.078801 0.078801 0.078801
f 2860 2861 2862 2863
v 0.418700 -0.001681 -0.859942 0.078801 0.078801 0.078801
v 0.433191 0.009450 -0.904735 0.078801 0.078801 0.078801
v 0.433859 0.066594 -0.885877 0.078801 0.078801 0.078801
v 0.417445 0.036621 -0.838979 0.078801 0.078801 0.078801
f 2864 2865 2866 2867
v 0.399230 0.099693 -0.823112 0.078801 0.078801 0.078801
v 0.424454 0.104957 -0.886373 0.078801 0.078801 0.078801
v 0.418231 0.132926 -0.923766 0.078801 0.078801 0.078801
v 0.398005 0.150326 -0.912178 0.078801 0.078801 0.078801
f 2868 2869 2870 2871
v 0.433859 0.066594 -0.885877 0.078801 0.078801 0.078801
v 0.412533 0.104972 -0.969592 0.078801 0.078801 0.078801
v 0.418231 0.132926 -0.923766 0.078801 0.078801 0.078801
v 0.424454 0.104957 -0.886373 0.078801 0.078801 0.078801
f 2872 2873 2874 2875
v 0.433191 0.009450 -0.904735 0.078801 0.078801 0.078801
v 0.388857 0.080028 -0.988449 0.078801 0.078801 0.078801
v 0.412533 0.104972 -0.969592 0.078801 0.078801 0.078801
v 0.433859 0.066594 -0.885877 0.078801 0.078801 0.078801
f 2876 2877 2878 2879
v 0.388857 0.080028 -0.988449 0.078801 0.078801 0.078801
v 0.433191 0.009450 -0.904735 0.078801 0.078801 0.078801
v 0.418700 -0.001681 -0.859942 0.078801 0.078801 0.078801
f 2880 2881 2882
v 0.403895 0.679920 0.976871 0.078801 0.078801 0.078801
v 0.372015 0.683625 1.027955 0.078801 0.078801 0.078801
v 0.364145 0.482065 1.054308 0.078801 0.078801 0.078801
v 0.398892 0.473507 1.006400 0.078801 0.078801 0.078801
f 2883 2884 2885 2886
v 0.372015 0.683625 1.027955 0.078801 0.078801 0.078801
v 0.314995 0.687869 1.033008 0.078801 0.078801 0.078801
v 0.306349 0.488330 1.059832 0.078801 0.078801 0.078801
v 0.364145 0.482065 1.054308 0.078801 0.078801 0.078801
f 2887 2888 2889 2890
v 0.269448 0.684668 0.977931 0.078801 0.078801 0.078801
v 0.256206 0.675817 0.876667 0.078801 0.078801 0.078801
v 0.257678 0.476117 0.922167 0.078801 0.078801 0.078801
v 0.269139 0.477262 1.007369 0.078801 0.078801 0.078801
f 2891 2892 2893 2894
v 0.390363 0.678031 0.885396 0.078801 0.078801 0.078801
v 0.403895 0.679920 0.976871 0.078801 0.078801 0.078801
v 0.398892 0.473507 1.006400 0.078801 0.078801 0.078801
v 0.387363 0.476508 0.930736 0.078801 0.078801 0.078801
f 2895 2896 2897 2898
v 0.314995 0.687869 1.033008 0.078801 0.078801 0.078801
v 0.269448 0.684668 0.977931 0.078801 0.078801 0.078801
v 0.269139 0.477262 1.007369 0.078801 0.078801 0.078801
v 0.306349 0.488330 1.059832 0.078801 0.078801 0.078801
f 2899 2900 2901 2902
v 0.269139 0.477262 1.007369 0.078801 0.078801 0.078801
v 0.257678 0.476117 0.922167 0.078801 0.078801 0.078801
v 0.246854 0.217783 0.992728 0.078801 0.078801 0.078801
v 0.258070 0.233064 1.062867 0.078801 0.078801 0.078801
f 2903 2904 2905 2906
v 0.340316 0.483588 0.889728 0.078801 0.078801 0.078801
v 0.387363 0.476508 0.930736 0.078801 0.078801 0.078801
v 0.377958 0.219014 1.001201 0.078801 0.078801 0.078801
v 0.342190 0.213195 0.965664 0.078801 0.078801 0.078801
f 2907 2908 2909 2910
v 0.290059 0.486441 0.877101 0.078801 0.078801 0.078801
v 0.340316 0.483588 0.889728 0.078801 0.078801 0.078801
v 0.342190 0.213195 0.965664 0.078801 0.078801 0.078801
v 0.278676 0.212297 0.954182 0.078801 0.078801 0.078801
f 2911 2912 2913 2914
v 0.387363 0.476508 0.930736 0.078801 0.078801 0.078801
v 0.398892 0.473507 1.006400 0.078801 0.078801 0.078801
v 0.381448 0.229635 1.063515 0.078801 0.078801 0.078801
v 0.377958 0.219014 1.001201 0.078801 0.078801 0.078801
f 2915 2916 2917 2918
v 0.306349 0.488330 1.059832 0.078801 0.078801 0.078801
v 0.269139 0.477262 1.007369 0.078801 0.078801 0.078801
v 0.258070 0.233064 1.062867 0.078801 0.078801 0.078801
v 0.299897 0.263100 1.107866 0.078801 0.078801 0.078801
f 2919 2920 2921 2922
v 0.257678 0.476117 0.922167 0.078801 0.078801 0.078801
v 0.290059 0.486441 0.877101 0.078801 0.078801 0.078801
v 0.278676 0.212297 0.954182 0.078801 0.078801 0.078801
v 0.246854 0.217783 0.992728 0.078801 0.078801 0.078801
f 2923 2924 2925 2926
v 0.398892 0.473507 1.006400 0.078801 0.078801 0.078801
v 0.364145 0.482065 1.054308 0.078801 0.078801 0.078801
v 0.355678 0.254463 1.105430 0.078801 0.078801 0.078801
v 0.381448 0.229635 1.063515 0.078801 0.078801 0.078801
f 2927 2928 2929 2930
v 0.364145 0.482065 1.054308 0.078801 0.078801 0.078801
v 0.306349 0.488330 1.059832 0.078801 0.078801 0.078801
v 0.299897 0.263100 1.107866 0.078801 0.078801 0.078801
v 0.355678 0.254463 1.105430 0.078801 0.078801 0.078801
f 2931 2932 2933 2934
v 0.342190 0.213195 0.965664 0.078801 0.078801 0.078801
v 0.377958 0.219014 1.001201 0.078801 0.078801 0.078801
v 0.375753 0.061574 1.104713 0.078801 0.078801 0.078801
v 0.338332 0.052694 1.080233 0.078801 0.078801 0.078801
f 2935 2936 2937 2938
v 0.246854 0.217783 0.992728 0.078801 0.078801 0.078801
v 0.278676 0.212297 0.954182 0.078801 0.078801 0.078801
v 0.274360 0.052318 1.073287 0.078801 0.078801 0.078801
v 0.244431 0.061150 1.102136 0.078801 0.078801 0.078801
f 2939 2940 2941 2942
v 0.278676 0.212297 0.954182 0.078801 0.078801 0.078801
v 0.342190 0.213195 0.965664 0.078801 0.078801 0.078801
v 0.338332 0.052694 1.080233 0.078801 0.078801 0.078801
v 0.274360 0.052318 1.073287 0.078801 0.078801 0.078801
f 2943 2944 2945 2946
v 0.338332 0.052694 1.080233 0.078801 0.078801 0.078801
v 0.375753 0.061574 1.104713 0.078801 0.078801 0.078801
v 0.402832 0.001873 1.172560 0.078801 0.078801 0.078801
v 0.341383 0.001423 1.163387 0.078801 0.078801 0.078801
f 2947 2948 2949 2950
v 0.244431 0.061150 1.102136 0.078801 0.078801 0.078801
v 0.274360 0.052318 1.073287 0.078801 0.078801 0.078801
v 0.283545 0.001385 1.162131 0.078801 0.078801 0.078801
v 0.238065 0.001849 1.163588 0.078801 0.078801 0.078801
f 2951 2952 2953 2954
v 0.274360 0.052318 1.073287 0.078801 0.078801 0.078801
v 0.338332 0.052694 1.080233 0.078801 0.078801 0.078801
v 0.341383 0.001423 1.163387 0.078801 0.078801 0.078801
v 0.283545 0.001385 1.162131 0.078801 0.078801 0.078801
f 2955 2956 2957 2958
v 0.342933 -0.000477 1.228578 0.078801 0.078801 0.078801
v 0.425099 0.000181 1.254920 0.078801 0.078801 0.078801
v 0.433976 0.003073 1.334783 0.078801 0.078801 0.078801
v 0.345257 0.001087 1.346250 0.078801 0.078801 0.078801
f 2959 2960 2961 2962
v 0.233155 0.001278 1.236157 0.078801 0.078801 0.078801
v 0.287934 -0.000350 1.226408 0.078801 0.078801 0.078801
v 0.281734 0.001051 1.344059 0.078801 0.078801 0.078801
v 0.233868 0.003030 1.332250 0.078801 0.078801 0.078801
f 2963 2964 2965 2966
v 0.287934 -0.000350 1.226408 0.078801 0.078801 0.078801
v 0.342933 -0.000477 1.228578 0.078801 0.078801 0.078801
v 0.345257 0.001087 1.346250 0.078801 0.078801 0.078801
v 0.281734 0.001051 1.344059 0.078801 0.078801 0.078801
f 2967 2968 2969 2970
v 0.345257 0.056987 1.333481 0.078801 0.078801 0.078801
v 0.425167 0.049046 1.322343 0.078801 0.078801 0.078801
v 0.406783 0.086199 1.294884 0.078801 0.078801 0.078801
v 0.345257 0.112025 1.306023 0.078801 0.078801 0.078801
f 2971 2972 2973 2974
v 0.245453 0.048591 1.319805 0.078801 0.078801 0.078801
v 0.281734 0.057288 1.331287 0.078801 0.078801 0.078801
v 0.281734 0.112622 1.303829 0.078801 0.078801 0.078801
v 0.261061 0.085296 1.292347 0.078801 0.078801 0.078801
f 2975 2976 2977 2978
v 0.281734 0.057288 1.331287 0.078801 0.078801 0.078801
v 0.345257 0.056987 1.333481 0.078801 0.078801 0.078801
v 0.345257 0.112025 1.306023 0.078801 0.078801 0.078801
v 0.281734 0.112622 1.303829 0.078801 0.078801 0.078801
f 2979 2980 2981 2982
v 0.345257 0.112025 1.306023 0.078801 0.078801 0.078801
v 0.406783 0.086199 1.294884 0.078801 0.078801 0.078801
v 0.393513 0.114904 1.236096 0.078801 0.078801 0.078801
v 0.338946 0.143120 1.223787 0.078801 0.078801 0.078801
f 2983 2984 2985 2986
v 0.261061 0.085296 1.292347 0.078801 0.078801 0.078801
v 0.281734 0.112622 1.303829 0.078801 0.078801 0.078801
v 0.298305 0.144135 1.221731 0.078801 0.078801 0.078801
v 0.265914 0.120761 1.215494 0.078801 0.078801 0.078801
f 2987 2988 2989 2990
v 0.281734 0.112622 1.303829 0.078801 0.078801 0.078801
v 0.345257 0.112025 1.306023 0.078801 0.078801 0.078801
v 0.338946 0.143120 1.223787 0.078801 0.078801 0.078801
v 0.298305 0.144135 1.221731 0.078801 0.078801 0.078801
f 2991 2992 2993 2994
v 0.346682 0.182672 1.164799 0.078801 0.078801 0.078801
v 0.299502 0.187035 1.165542 0.078801 0.078801 0.078801
v 0.298305 0.144135 1.221731 0.078801 0.078801 0.078801
v 0.338946 0.143120 1.223787 0.078801 0.078801 0.078801
f 2995 2996 2997 2998
v 0.346682 0.182672 1.164799 0.078801 0.078801 0.078801
v 0.338946 0.143120 1.223787 0.078801 0.078801 0.078801
v 0.393513 0.114904 1.236096 0.078801 0.078801 0.078801
v 0.391466 0.163662 1.160817 0.078801 0.078801 0.078801
f 2999 3000 3001 3002
v 0.299502 0.187035 1.165542 0.078801 0.078801 0.078801
v 0.262172 0.169743 1.150521 0.078801 0.078801 0.078801
v 0.265914 0.120761 1.215494 0.078801 0.078801 0.078801
v 0.298305 0.144135 1.221731 0.078801 0.078801 0.078801
f 3003 3004 3005 3006
v 0.414229 0.051514 1.247392 0.078801 0.078801 0.078801
v 0.393513 0.114904 1.236096 0.078801 0.078801 0.078801
v 0.406783 0.086199 1.294884 0.078801 0.078801 0.078801
v 0.425167 0.049046 1.322343 0.078801 0.078801 0.078801
f 3007 3008 3009 3010
v 0.258070 0.233064 1.062867 0.078801 0.078801 0.078801
v 0.246854 0.217783 0.992728 0.078801 0.078801 0.078801
v 0.234014 0.104564 1.128412 0.078801 0.078801 0.078801
v 0.240974 0.142903 1.146173 0.078801 0.078801 0.078801
f 3011 3012 3013 3014
v 0.245453 0.048591 1.319805 0.078801 0.078801 0.078801
v 0.261061 0.085296 1.292347 0.078801 0.078801 0.078801
v 0.265914 0.120761 1.215494 0.078801 0.078801 0.078801
v 0.245156 0.056163 1.227749 0.078801 0.078801 0.078801
f 3015 3016 3017 3018
v 0.245156 0.056163 1.227749 0.078801 0.078801 0.078801
v 0.265914 0.120761 1.215494 0.078801 0.078801 0.078801
v 0.233494 0.088582 1.198820 0.078801 0.078801 0.078801
v 0.211351 0.063731 1.190546 0.078801 0.078801 0.078801
f 3019 3020 3021 3022
v 0.233155 0.001278 1.236157 0.078801 0.078801 0.078801
v 0.245156 0.056163 1.227749 0.078801 0.078801 0.078801
v 0.211351 0.063731 1.190546 0.078801 0.078801 0.078801
v 0.199349 0.004089 1.185417 0.078801 0.078801 0.078801
f 3023 3024 3025 3026
v 0.233868 0.003030 1.332250 0.078801 0.078801 0.078801
v 0.245453 0.048591 1.319805 0.078801 0.078801 0.078801
v 0.245156 0.056163 1.227749 0.078801 0.078801 0.078801
v 0.233155 0.001278 1.236157 0.078801 0.078801 0.078801
f 3027 3028 3029 3030
v 0.425099 0.000181 1.254920 0.078801 0.078801 0.078801
v 0.414229 0.051514 1.247392 0.078801 0.078801 0.078801
v 0.425167 0.049046 1.322343 0.078801 0.078801 0.078801
v 0.433976 0.003073 1.334783 0.078801 0.078801 0.078801
f 3031 3032 3033 3034
v 0.281734 0.001051 1.344059 0.078801 0.078801 0.078801
v 0.345257 0.001087 1.346250 0.078801 0.078801 0.078801
v 0.345257 0.056987 1.333481 0.078801 0.078801 0.078801
v 0.281734 0.057288 1.331287 0.078801 0.078801 0.078801
f 3035 3036 3037 3038
v 0.233868 0.003030 1.332250 0.078801 0.078801 0.078801
v 0.281734 0.001051 1.344059 0.078801 0.078801 0.078801
v 0.281734 0.057288 1.331287 0.078801 0.078801 0.078801
v 0.245453 0.048591 1.319805 0.078801 0.078801 0.078801
f 3039 3040 3041 3042
v 0.345257 0.001087 1.346250 0.078801 0.078801 0.078801
v 0.433976 0.003073 1.334783 0.078801 0.078801 0.078801
v 0.425167 0.049046 1.322343 0.078801 0.078801 0.078801
v 0.345257 0.056987 1.333481 0.078801 0.078801 0.078801
f 3043 3044 3045 3046
v 0.377958 0.219014 1.001201 0.078801 0.078801 0.078801
v 0.403696 0.102669 1.126248 0.078801 0.078801 0.078801
v 0.375753 0.061574 1.104713 0.078801 0.078801 0.078801
f 3047 3048 3049
v 0.265914 0.120761 1.215494 0.078801 0.078801 0.078801
v 0.262172 0.169743 1.150521 0.078801 0.078801 0.078801
v 0.240974 0.142903 1.146173 0.078801 0.078801 0.078801
v 0.233494 0.088582 1.198820 0.078801 0.078801 0.078801
f 3050 3051 3052 3053
v 0.299897 0.263100 1.107866 0.078801 0.078801 0.078801
v 0.258070 0.233064 1.062867 0.078801 0.078801 0.078801
v 0.262172 0.169743 1.150521 0.078801 0.078801 0.078801
v 0.299502 0.187035 1.165542 0.078801 0.078801 0.078801
f 3054 3055 3056 3057
v 0.246854 0.217783 0.992728 0.078801 0.078801 0.078801
v 0.244431 0.061150 1.102136 0.078801 0.078801 0.078801
v 0.234014 0.104564 1.128412 0.078801 0.078801 0.078801
f 3058 3059 3060
v 0.199349 0.004089 1.185417 0.078801 0.078801 0.078801
v 0.211351 0.063731 1.190546 0.078801 0.078801 0.078801
v 0.234014 0.104564 1.128412 0.078801 0.078801 0.078801
v 0.244431 0.061150 1.102136 0.078801 0.078801 0.078801
f 3061 3062 3063 3064
v 0.355678 0.254463 1.105430 0.078801 0.078801 0.078801
v 0.346682 0.182672 1.164799 0.078801 0.078801 0.078801
v 0.391466 0.163662 1.160817 0.078801 0.078801 0.078801
v 0.381448 0.229635 1.063515 0.078801 0.078801 0.078801
f 3065 3066 3067 3068
v 0.244431 0.061150 1.102136 0.078801 0.078801 0.078801
v 0.238065 0.001849 1.163588 0.078801 0.078801 0.078801
v 0.199349 0.004089 1.185417 0.078801 0.078801 0.078801
f 3069 3070 3071
v 0.414229 0.051514 1.247392 0.078801 0.078801 0.078801
v 0.442230 0.060655 1.191421 0.078801 0.078801 0.078801
v 0.422201 0.091233 1.200087 0.078801 0.078801 0.078801
v 0.393513 0.114904 1.236096 0.078801 0.078801 0.078801
f 3072 3073 3074 3075
v 0.425099 0.000181 1.254920 0.078801 0.078801 0.078801
v 0.443229 0.004089 1.185417 0.078801 0.078801 0.078801
v 0.442230 0.060655 1.191421 0.078801 0.078801 0.078801
v 0.414229 0.051514 1.247392 0.078801 0.078801 0.078801
f 3076 3077 3078 3079
v 0.393513 0.114904 1.236096 0.078801 0.078801 0.078801
v 0.422201 0.091233 1.200087 0.078801 0.078801 0.078801
v 0.403523 0.140014 1.146677 0.078801 0.078801 0.078801
v 0.391466 0.163662 1.160817 0.078801 0.078801 0.078801
f 3080 3081 3082 3083
v 0.355678 0.254463 1.105430 0.078801 0.078801 0.078801
v 0.299897 0.263100 1.107866 0.078801 0.078801 0.078801
v 0.299502 0.187035 1.165542 0.078801 0.078801 0.078801
v 0.346682 0.182672 1.164799 0.078801 0.078801 0.078801
f 3084 3085 3086 3087
v 0.443229 0.004089 1.185417 0.078801 0.078801 0.078801
v 0.375753 0.061574 1.104713 0.078801 0.078801 0.078801
v 0.403696 0.102669 1.126248 0.078801 0.078801 0.078801
v 0.442230 0.060655 1.191421 0.078801 0.078801 0.078801
f 3088 3089 3090 3091
v 0.375753 0.061574 1.104713 0.078801 0.078801 0.078801
v 0.443229 0.004089 1.185417 0.078801 0.078801 0.078801
v 0.402832 0.001873 1.172560 0.078801 0.078801 0.078801
f 3092 3093 3094
v 0.290059 0.486441 0.877101 0.078801 0.078801 0.078801
v 0.257678 0.476117 0.922167 0.078801 0.078801 0.078801
v 0.256206 0.675817 0.876667 0.078801 0.078801 0.078801
v 0.299730 0.675076 0.816513 0.078801 0.078801 0.078801
f 3095 3096 3097 3098
v 0.356772 0.679086 0.831444 0.078801 0.078801 0.078801
v 0.390363 0.678031 0.885396 0.078801 0.078801 0.078801
v 0.387363 0.476508 0.930736 0.078801 0.078801 0.078801
v 0.340316 0.483588 0.889728 0.078801 0.078801 0.078801
f 3099 3100 3101 3102
v 0.418231 0.132926 -0.923766 0.078801 0.078801 0.078801
v 0.412533 0.104972 -0.969592 0.078801 0.078801 0.078801
v 0.384343 0.190071 -1.078722 0.078801 0.078801 0.078801
v 0.396245 0.221949 -1.022160 0.078801 0.078801 0.078801
f 3103 3104 3105 3106
v 0.398005 0.150326 -0.912178 0.078801 0.078801 0.078801
v 0.357639 0.188371 -0.897151 0.078801 0.078801 0.078801
v 0.351308 0.153009 -0.835333 0.078801 0.078801 0.078801
v 0.399230 0.099693 -0.823112 0.078801 0.078801 0.078801
f 3107 3108 3109 3110
v 0.398005 0.150326 -0.912178 0.078801 0.078801 0.078801
v 0.418231 0.132926 -0.923766 0.078801 0.078801 0.078801
v 0.396245 0.221949 -1.022160 0.078801 0.078801 0.078801
f 3111 3112 3113
v 0.357639 0.188371 -0.897151 0.078801 0.078801 0.078801
v 0.316901 0.193199 -0.895293 0.078801 0.078801 0.078801
v 0.315596 0.154950 -0.837202 0.078801 0.078801 0.078801
v 0.351308 0.153009 -0.835333 0.078801 0.078801 0.078801
f 3114 3115 3116 3117
v 0.316901 0.193199 -0.895293 0.078801 0.078801 0.078801
v 0.284933 0.154049 -0.909798 0.078801 0.078801 0.078801
v 0.287035 0.114067 -0.843801 0.078801 0.078801 0.078801
v 0.315596 0.154950 -0.837202 0.078801 0.078801 0.078801
f 3118 3119 3120 3121
v 0.263292 0.131908 -0.923972 0.078801 0.078801 0.078801
v 0.284933 0.154049 -0.909798 0.078801 0.078801 0.078801
v 0.280806 0.228061 -1.015445 0.078801 0.078801 0.078801
f 3122 3123 3124
v 0.257643 0.103994 -0.969928 0.078801 0.078801 0.078801
v 0.263292 0.131908 -0.923972 0.078801 0.078801 0.078801
v 0.280806 0.228061 -1.015445 0.078801 0.078801 0.078801
v 0.268956 0.190651 -1.083546 0.078801 0.078801 0.078801
f 3125 3126 3127 3128
v 0.340316 0.483588 0.889728 0.078801 0.078801 0.078801
v 0.290059 0.486441 0.877101 0.078801 0.078801 0.078801
v 0.299730 0.675076 0.816513 0.078801 0.078801 0.078801
v 0.356772 0.679086 0.831444 0.078801 0.078801 0.078801
f 3129 3130 3131 3132
v 0.283545 0.001385 1.162131 0.078801 0.078801 0.078801
v 0.341383 0.001423 1.163387 0.078801 0.078801 0.078801
v 0.342933 -0.000477 1.228578 0.078801 0.078801 0.078801
v 0.287934 -0.000350 1.226408 0.078801 0.078801 0.078801
f 3133 3134 3135 3136
v 0.402832 0.001873 1.172560 0.078801 0.078801 0.078801
v 0.443229 0.004089 1.185417 0.078801 0.078801 0.078801
v 0.425099 0.000181 1.254920 0.078801 0.078801 0.078801
f 3137 3138 3139
v 0.341383 0.001423 1.163387 0.078801 0.078801 0.078801
v 0.402832 0.001873 1.172560 0.078801 0.078801 0.078801
v 0.425099 0.000181 1.254920 0.078801 0.078801 0.078801
v 0.342933 -0.000477 1.228578 0.078801 0.078801 0.078801
f 3140 3141 3142 3143
v 0.199349 0.004089 1.185417 0.078801 0.078801 0.078801
v 0.238065 0.001849 1.163588 0.078801 0.078801 0.078801
v 0.233155 0.001278 1.236157 0.078801 0.078801 0.078801
f 3144 3145 3146
v 0.238065 0.001849 1.163588 0.078801 0.078801 0.078801
v 0.283545 0.001385 1.162131 0.078801 0.078801 0.078801
v 0.287934 -0.000350 1.226408 0.078801 0.078801 0.078801
v 0.233155 0.001278 1.236157 0.078801 0.078801 0.078801
f 3147 3148 3149 3150
v 0.442230 0.060655 1.191421 0.078801 0.078801 0.078801
v 0.403696 0.102669 1.126248 0.078801 0.078801 0.078801
v 0.403523 0.140014 1.146677 0.078801 0.078801 0.078801
v 0.422201 0.091233 1.200087 0.078801 0.078801 0.078801
f 3151 3152 3153 3154
v 0.403523 0.140014 1.146677 0.078801 0.078801 0.078801
v 0.403696 0.102669 1.126248 0.078801 0.078801 0.078801
v 0.377958 0.219014 1.001201 0.078801 0.078801 0.078801
v 0.381448 0.229635 1.063515 0.078801 0.078801 0.078801
f 3155 3156 3157 3158
v 0.391466 0.163662 1.160817 0.078801 0.078801 0.078801
v 0.403523 0.140014 1.146677 0.078801 0.078801 0.078801
v 0.381448 0.229635 1.063515 0.078801 0.078801 0.078801
f 3159 3160 3161
v 0.240974 0.142903 1.146173 0.078801 0.078801 0.078801
v 0.262172 0.169743 1.150521 0.078801 0.078801 0.078801
v 0.258070 0.233064 1.062867 0.078801 0.078801 0.078801
f 3162 3163 3164
v 0.240974 0.142903 1.146173 0.078801 0.078801 0.078801
v 0.234014 0.104564 1.128412 0.078801 0.078801 0.078801
v 0.211351 0.063731 1.190546 0.078801 0.078801 0.078801
v 0.233494 0.088582 1.198820 0.078801 0.078801 0.078801
f 3165 3166 3167 3168
v -0.440573 2.626999 2.178456 0.078801 0.078801 0.078801
v -0.413537 2.595811 2.164600 0.078801 0.078801 0.078801
v -0.396534 2.628615 2.217633 0.078801 0.078801 0.078801
v -0.418104 2.673946 2.245049 0.078801 0.078801 0.078801
f 3169 3170 3171 3172
v -0.251870 2.567036 2.075343 0.078801 0.078801 0.078801
v -0.375962 2.667618 2.176683 0.078801 0.078801 0.078801
v -0.344241 2.647723 2.204624 0.078801 0.078801 0.078801
v -0.242278 2.554318 2.182217 0.078801 0.078801 0.078801
f 3173 3174 3175 3176
v -0.411787 2.506485 2.074944 0.078801 0.078801 0.078801
v -0.440573 2.626999 2.178456 0.078801 0.078801 0.078801
v -0.395738 2.637425 2.151265 0.078801 0.078801 0.078801
v -0.354211 2.532667 2.047017 0.078801 0.078801 0.078801
f 3177 3178 3179 3180
v -0.370258 2.637246 2.271915 0.078801 0.078801 0.078801
v -0.362858 2.605732 2.239878 0.078801 0.078801 0.078801
v -0.280714 2.516041 2.222131 0.078801 0.078801 0.078801
v -0.266156 2.532188 2.250073 0.078801 0.078801 0.078801
f 3181 3182 3183 3184
v -0.344241 2.647723 2.204624 0.078801 0.078801 0.078801
v -0.375962 2.667618 2.176683 0.078801 0.078801 0.078801
v -0.418104 2.673946 2.245049 0.078801 0.078801 0.078801
v -0.370258 2.637246 2.271915 0.078801 0.078801 0.078801
f 3185 3186 3187 3188
v -0.395738 2.637425 2.151265 0.078801 0.078801 0.078801
v -0.440573 2.626999 2.178456 0.078801 0.078801 0.078801
v -0.418104 2.673946 2.245049 0.078801 0.078801 0.078801
v -0.375962 2.667618 2.176683 0.078801 0.078801 0.078801
f 3189 3190 3191 3192
v -0.418104 2.673946 2.245049 0.078801 0.078801 0.078801
v -0.396534 2.628615 2.217633 0.078801 0.078801 0.078801
v -0.362858 2.605732 2.239878 0.078801 0.078801 0.078801
v -0.370258 2.637246 2.271915 0.078801 0.078801 0.078801
f 3193 3194 3195 3196
v -0.242278 2.554318 2.182217 0.078801 0.078801 0.078801
v -0.344241 2.647723 2.204624 0.078801 0.078801 0.078801
v -0.370258 2.637246 2.271915 0.078801 0.078801 0.078801
v -0.266156 2.532188 2.250073 0.078801 0.078801 0.078801
f 3197 3198 3199 3200
v -0.354211 2.532667 2.047017 0.078801 0.078801 0.078801
v -0.395738 2.637425 2.151265 0.078801 0.078801 0.078801
v -0.375962 2.667618 2.176683 0.078801 0.078801 0.078801
v -0.251870 2.567036 2.075343 0.078801 0.078801 0.078801
f 3201 3202 3203 3204
v -0.411787 2.506485 2.074944 0.078801 0.078801 0.078801
v -0.391597 2.503177 2.085761 0.078801 0.078801 0.078801
v -0.413537 2.595811 2.164600 0.078801 0.078801 0.078801
v -0.440573 2.626999 2.178456 0.078801 0.078801 0.078801
f 3205 3206 3207 3208
v -0.428688 0.760300 -1.083494 0.078801 0.078801 0.078801
v -0.421913 0.628712 -1.114160 0.078801 0.078801 0.078801
v -0.382967 0.627909 -1.057619 0.078801 0.078801 0.078801
v -0.388235 0.743934 -1.005308 0.078801 0.078801 0.078801
f 3209 3210 3211 3212
v -0.243136 0.799004 -1.057252 0.078801 0.078801 0.078801
v -0.259704 0.634530 -1.103083 0.078801 0.078801 0.078801
v -0.248119 0.629087 -1.198470 0.078801 0.078801 0.078801
v -0.247089 0.804325 -1.166438 0.078801 0.078801 0.078801
f 3213 3214 3215 3216
v -0.349006 0.858821 -1.196333 0.078801 0.078801 0.078801
v -0.357794 0.812668 -1.273068 0.078801 0.078801 0.078801
v -0.392982 0.803668 -1.148885 0.078801 0.078801 0.078801
f 3217 3218 3219
v -0.306269 0.739999 -0.989863 0.078801 0.078801 0.078801
v -0.307808 0.638970 -1.043748 0.078801 0.078801 0.078801
v -0.259704 0.634530 -1.103083 0.078801 0.078801 0.078801
v -0.243136 0.799004 -1.057252 0.078801 0.078801 0.078801
f 3220 3221 3222 3223
v -0.276299 0.862513 -1.195657 0.078801 0.078801 0.078801
v -0.289506 0.818627 -1.317235 0.078801 0.078801 0.078801
v -0.357794 0.812668 -1.273068 0.078801 0.078801 0.078801
v -0.349006 0.858821 -1.196333 0.078801 0.078801 0.078801
f 3224 3225 3226 3227
v -0.392982 0.803668 -1.148885 0.078801 0.078801 0.078801
v -0.410787 0.628016 -1.191040 0.078801 0.078801 0.078801
v -0.421913 0.628712 -1.114160 0.078801 0.078801 0.078801
v -0.428688 0.760300 -1.083494 0.078801 0.078801 0.078801
f 3228 3229 3230 3231
v -0.388235 0.743934 -1.005308 0.078801 0.078801 0.078801
v -0.382967 0.627909 -1.057619 0.078801 0.078801 0.078801
v -0.307808 0.638970 -1.043748 0.078801 0.078801 0.078801
v -0.306269 0.739999 -0.989863 0.078801 0.078801 0.078801
f 3232 3233 3234 3235
v -0.289506 0.818627 -1.317235 0.078801 0.078801 0.078801
v -0.284389 0.648724 -1.281054 0.078801 0.078801 0.078801
v -0.361972 0.641572 -1.256753 0.078801 0.078801 0.078801
v -0.357794 0.812668 -1.273068 0.078801 0.078801 0.078801
f 3236 3237 3238 3239
v -0.357794 0.812668 -1.273068 0.078801 0.078801 0.078801
v -0.361972 0.641572 -1.256753 0.078801 0.078801 0.078801
v -0.410787 0.628016 -1.191040 0.078801 0.078801 0.078801
v -0.392982 0.803668 -1.148885 0.078801 0.078801 0.078801
f 3240 3241 3242 3243
v -0.247089 0.804325 -1.166438 0.078801 0.078801 0.078801
v -0.248119 0.629087 -1.198470 0.078801 0.078801 0.078801
v -0.284389 0.648724 -1.281054 0.078801 0.078801 0.078801
v -0.289506 0.818627 -1.317235 0.078801 0.078801 0.078801
f 3244 3245 3246 3247
v -0.247089 0.804325 -1.166438 0.078801 0.078801 0.078801
v -0.289506 0.818627 -1.317235 0.078801 0.078801 0.078801
v -0.276299 0.862513 -1.195657 0.078801 0.078801 0.078801
f 3248 3249 3250
v -0.248119 0.629087 -1.198470 0.078801 0.078801 0.078801
v -0.263655 0.344779 -1.130535 0.078801 0.078801 0.078801
v -0.300039 0.358101 -1.186979 0.078801 0.078801 0.078801
v -0.284389 0.648724 -1.281054 0.078801 0.078801 0.078801
f 3251 3252 3253 3254
v -0.421913 0.628712 -1.114160 0.078801 0.078801 0.078801
v -0.401628 0.340384 -1.047936 0.078801 0.078801 0.078801
v -0.370344 0.354556 -0.986390 0.078801 0.078801 0.078801
v -0.382967 0.627909 -1.057619 0.078801 0.078801 0.078801
f 3255 3256 3257 3258
v -0.382967 0.627909 -1.057619 0.078801 0.078801 0.078801
v -0.370344 0.354556 -0.986390 0.078801 0.078801 0.078801
v -0.317060 0.364057 -0.978260 0.078801 0.078801 0.078801
v -0.307808 0.638970 -1.043748 0.078801 0.078801 0.078801
f 3259 3260 3261 3262
v -0.259704 0.634530 -1.103083 0.078801 0.078801 0.078801
v -0.276005 0.346144 -1.041271 0.078801 0.078801 0.078801
v -0.263655 0.344779 -1.130535 0.078801 0.078801 0.078801
v -0.248119 0.629087 -1.198470 0.078801 0.078801 0.078801
f 3263 3264 3265 3266
v -0.361972 0.641572 -1.256753 0.078801 0.078801 0.078801
v -0.347012 0.353888 -1.173635 0.078801 0.078801 0.078801
v -0.389188 0.343921 -1.125392 0.078801 0.078801 0.078801
v -0.410787 0.628016 -1.191040 0.078801 0.078801 0.078801
f 3267 3268 3269 3270
v -0.410787 0.628016 -1.191040 0.078801 0.078801 0.078801
v -0.389188 0.343921 -1.125392 0.078801 0.078801 0.078801
v -0.401628 0.340384 -1.047936 0.078801 0.078801 0.078801
v -0.421913 0.628712 -1.114160 0.078801 0.078801 0.078801
f 3271 3272 3273 3274
v -0.284389 0.648724 -1.281054 0.078801 0.078801 0.078801
v -0.300039 0.358101 -1.186979 0.078801 0.078801 0.078801
v -0.347012 0.353888 -1.173635 0.078801 0.078801 0.078801
v -0.361972 0.641572 -1.256753 0.078801 0.078801 0.078801
f 3275 3276 3277 3278
v -0.307808 0.638970 -1.043748 0.078801 0.078801 0.078801
v -0.317060 0.364057 -0.978260 0.078801 0.078801 0.078801
v -0.276005 0.346144 -1.041271 0.078801 0.078801 0.078801
v -0.259704 0.634530 -1.103083 0.078801 0.078801 0.078801
f 3279 3280 3281 3282
v -0.276005 0.346144 -1.041271 0.078801 0.078801 0.078801
v -0.280806 0.228061 -1.015445 0.078801 0.078801 0.078801
v -0.268955 0.190651 -1.083546 0.078801 0.078801 0.078801
v -0.263655 0.344779 -1.130535 0.078801 0.078801 0.078801
f 3283 3284 3285 3286
v -0.347012 0.353888 -1.173635 0.078801 0.078801 0.078801
v -0.352139 0.196055 -1.119177 0.078801 0.078801 0.078801
v -0.384342 0.190071 -1.078722 0.078801 0.078801 0.078801
v -0.389188 0.343921 -1.125392 0.078801 0.078801 0.078801
f 3287 3288 3289 3290
v -0.300039 0.358101 -1.186979 0.078801 0.078801 0.078801
v -0.296077 0.198777 -1.129809 0.078801 0.078801 0.078801
v -0.352139 0.196055 -1.119177 0.078801 0.078801 0.078801
v -0.347012 0.353888 -1.173635 0.078801 0.078801 0.078801
f 3291 3292 3293 3294
v -0.389188 0.343921 -1.125392 0.078801 0.078801 0.078801
v -0.384342 0.190071 -1.078722 0.078801 0.078801 0.078801
v -0.396245 0.221949 -1.022160 0.078801 0.078801 0.078801
v -0.401628 0.340384 -1.047936 0.078801 0.078801 0.078801
f 3295 3296 3297 3298
v -0.317060 0.364057 -0.978260 0.078801 0.078801 0.078801
v -0.319046 0.254238 -0.939873 0.078801 0.078801 0.078801
v -0.280806 0.228061 -1.015445 0.078801 0.078801 0.078801
v -0.276005 0.346144 -1.041271 0.078801 0.078801 0.078801
f 3299 3300 3301 3302
v -0.263655 0.344779 -1.130535 0.078801 0.078801 0.078801
v -0.268955 0.190651 -1.083546 0.078801 0.078801 0.078801
v -0.296077 0.198777 -1.129809 0.078801 0.078801 0.078801
v -0.300039 0.358101 -1.186979 0.078801 0.078801 0.078801
f 3303 3304 3305 3306
v -0.401628 0.340384 -1.047936 0.078801 0.078801 0.078801
v -0.396245 0.221949 -1.022160 0.078801 0.078801 0.078801
v -0.367985 0.245849 -0.949436 0.078801 0.078801 0.078801
v -0.370344 0.354556 -0.986390 0.078801 0.078801 0.078801
f 3307 3308 3309 3310
v -0.370344 0.354556 -0.986390 0.078801 0.078801 0.078801
v -0.367985 0.245849 -0.949436 0.078801 0.078801 0.078801
v -0.319046 0.254238 -0.939873 0.078801 0.078801 0.078801
v -0.317060 0.364057 -0.978260 0.078801 0.078801 0.078801
f 3311 3312 3313 3314
v -0.352139 0.196055 -1.119177 0.078801 0.078801 0.078801
v -0.358693 0.072415 -1.016012 0.078801 0.078801 0.078801
v -0.388857 0.080028 -0.988449 0.078801 0.078801 0.078801
v -0.384342 0.190071 -1.078722 0.078801 0.078801 0.078801
f 3315 3316 3317 3318
v -0.268955 0.190651 -1.083546 0.078801 0.078801 0.078801
v -0.282921 0.079828 -0.991317 0.078801 0.078801 0.078801
v -0.307062 0.072778 -1.023387 0.078801 0.078801 0.078801
v -0.296077 0.198777 -1.129809 0.078801 0.078801 0.078801
f 3319 3320 3321 3322
v -0.296077 0.198777 -1.129809 0.078801 0.078801 0.078801
v -0.307062 0.072778 -1.023387 0.078801 0.078801 0.078801
v -0.358693 0.072415 -1.016012 0.078801 0.078801 0.078801
v -0.352139 0.196055 -1.119177 0.078801 0.078801 0.078801
f 3323 3324 3325 3326
v -0.358693 0.072415 -1.016012 0.078801 0.078801 0.078801
v -0.353025 0.000859 -0.887833 0.078801 0.078801 0.078801
v -0.418700 -0.001681 -0.859942 0.078801 0.078801 0.078801
v -0.388857 0.080028 -0.988449 0.078801 0.078801 0.078801
f 3327 3328 3329 3330
v -0.282921 0.079828 -0.991317 0.078801 0.078801 0.078801
v -0.265279 0.002224 -0.878354 0.078801 0.078801 0.078801
v -0.309064 0.001310 -0.889963 0.078801 0.078801 0.078801
v -0.307062 0.072778 -1.023387 0.078801 0.078801 0.078801
f 3331 3332 3333 3334
v -0.307062 0.072778 -1.023387 0.078801 0.078801 0.078801
v -0.309064 0.001310 -0.889963 0.078801 0.078801 0.078801
v -0.353025 0.000859 -0.887833 0.078801 0.078801 0.078801
v -0.358693 0.072415 -1.016012 0.078801 0.078801 0.078801
f 3335 3336 3337 3338
v -0.353025 0.000859 -0.887833 0.078801 0.078801 0.078801
v -0.354882 -0.001750 -0.718080 0.078801 0.078801 0.078801
v -0.425795 0.003802 -0.730520 0.078801 0.078801 0.078801
v -0.418700 -0.001681 -0.859942 0.078801 0.078801 0.078801
f 3339 3340 3341 3342
v -0.265279 0.002224 -0.878354 0.078801 0.078801 0.078801
v -0.265849 0.003593 -0.733222 0.078801 0.078801 0.078801
v -0.304108 -0.001931 -0.720417 0.078801 0.078801 0.078801
v -0.309064 0.001310 -0.889963 0.078801 0.078801 0.078801
f 3343 3344 3345 3346
v -0.309064 0.001310 -0.889963 0.078801 0.078801 0.078801
v -0.304108 -0.001931 -0.720417 0.078801 0.078801 0.078801
v -0.354882 -0.001750 -0.718080 0.078801 0.078801 0.078801
v -0.353025 0.000859 -0.887833 0.078801 0.078801 0.078801
f 3347 3348 3349 3350
v -0.356799 0.040704 -0.719839 0.078801 0.078801 0.078801
v -0.356799 0.135420 -0.741806 0.078801 0.078801 0.078801
v -0.410897 0.101712 -0.754896 0.078801 0.078801 0.078801
v -0.427062 0.030340 -0.732928 0.078801 0.078801 0.078801
f 3351 3352 3353 3354
v -0.269044 0.029745 -0.735910 0.078801 0.078801 0.078801
v -0.282768 0.100533 -0.757878 0.078801 0.078801 0.078801
v -0.300945 0.136199 -0.744385 0.078801 0.078801 0.078801
v -0.300945 0.041097 -0.722417 0.078801 0.078801 0.078801
f 3355 3356 3357 3358
v -0.300945 0.041097 -0.722417 0.078801 0.078801 0.078801
v -0.300945 0.136199 -0.744385 0.078801 0.078801 0.078801
v -0.356799 0.135420 -0.741806 0.078801 0.078801 0.078801
v -0.356799 0.040704 -0.719839 0.078801 0.078801 0.078801
f 3359 3360 3361 3362
v -0.356799 0.135420 -0.741806 0.078801 0.078801 0.078801
v -0.351308 0.153009 -0.835333 0.078801 0.078801 0.078801
v -0.399230 0.099693 -0.823112 0.078801 0.078801 0.078801
v -0.410897 0.101712 -0.754896 0.078801 0.078801 0.078801
f 3363 3364 3365 3366
v -0.282768 0.100533 -0.757878 0.078801 0.078801 0.078801
v -0.287035 0.114067 -0.843801 0.078801 0.078801 0.078801
v -0.315596 0.154950 -0.837202 0.078801 0.078801 0.078801
v -0.300945 0.136199 -0.744385 0.078801 0.078801 0.078801
f 3367 3368 3369 3370
v -0.300945 0.136199 -0.744385 0.078801 0.078801 0.078801
v -0.315596 0.154950 -0.837202 0.078801 0.078801 0.078801
v -0.351308 0.153009 -0.835333 0.078801 0.078801 0.078801
v -0.356799 0.135420 -0.741806 0.078801 0.078801 0.078801
f 3371 3372 3373 3374
v -0.367985 0.245849 -0.949436 0.078801 0.078801 0.078801
v -0.357639 0.188371 -0.897151 0.078801 0.078801 0.078801
v -0.316901 0.193199 -0.895293 0.078801 0.078801 0.078801
v -0.319046 0.254238 -0.939873 0.078801 0.078801 0.078801
f 3375 3376 3377 3378
v -0.367985 0.245849 -0.949436 0.078801 0.078801 0.078801
v -0.396245 0.221949 -1.022160 0.078801 0.078801 0.078801
v -0.398005 0.150326 -0.912178 0.078801 0.078801 0.078801
v -0.357639 0.188371 -0.897151 0.078801 0.078801 0.078801
f 3379 3380 3381 3382
v -0.319046 0.254238 -0.939873 0.078801 0.078801 0.078801
v -0.316901 0.193199 -0.895293 0.078801 0.078801 0.078801
v -0.284933 0.154049 -0.909798 0.078801 0.078801 0.078801
v -0.280806 0.228061 -1.015445 0.078801 0.078801 0.078801
f 3383 3384 3385 3386
v -0.417445 0.036621 -0.838979 0.078801 0.078801 0.078801
v -0.427062 0.030340 -0.732928 0.078801 0.078801 0.078801
v -0.410897 0.101712 -0.754896 0.078801 0.078801 0.078801
v -0.399230 0.099693 -0.823112 0.078801 0.078801 0.078801
f 3387 3388 3389 3390
v -0.269044 0.029745 -0.735910 0.078801 0.078801 0.078801
v -0.268783 0.049179 -0.859111 0.078801 0.078801 0.078801
v -0.287035 0.114067 -0.843801 0.078801 0.078801 0.078801
v -0.282768 0.100533 -0.757878 0.078801 0.078801 0.078801
f 3391 3392 3393 3394
v -0.268783 0.049179 -0.859111 0.078801 0.078801 0.078801
v -0.247264 0.070672 -0.885531 0.078801 0.078801 0.078801
v -0.258550 0.102130 -0.888951 0.078801 0.078801 0.078801
v -0.287035 0.114067 -0.843801 0.078801 0.078801 0.078801
f 3395 3396 3397 3398
v -0.265279 0.002224 -0.878354 0.078801 0.078801 0.078801
v -0.238258 0.009450 -0.904735 0.078801 0.078801 0.078801
v -0.247264 0.070672 -0.885531 0.078801 0.078801 0.078801
v -0.268783 0.049179 -0.859111 0.078801 0.078801 0.078801
f 3399 3400 3401 3402
v -0.265849 0.003593 -0.733222 0.078801 0.078801 0.078801
v -0.265279 0.002224 -0.878354 0.078801 0.078801 0.078801
v -0.268783 0.049179 -0.859111 0.078801 0.078801 0.078801
v -0.269044 0.029745 -0.735910 0.078801 0.078801 0.078801
f 3403 3404 3405 3406
v -0.418700 -0.001681 -0.859942 0.078801 0.078801 0.078801
v -0.425795 0.003802 -0.730520 0.078801 0.078801 0.078801
v -0.427062 0.030340 -0.732928 0.078801 0.078801 0.078801
v -0.417445 0.036621 -0.838979 0.078801 0.078801 0.078801
f 3407 3408 3409 3410
v -0.304108 -0.001931 -0.720417 0.078801 0.078801 0.078801
v -0.300945 0.041097 -0.722417 0.078801 0.078801 0.078801
v -0.356799 0.040704 -0.719839 0.078801 0.078801 0.078801
v -0.354882 -0.001750 -0.718080 0.078801 0.078801 0.078801
f 3411 3412 3413 3414
v -0.265849 0.003593 -0.733222 0.078801 0.078801 0.078801
v -0.269044 0.029745 -0.735910 0.078801 0.078801 0.078801
v -0.300945 0.041097 -0.722417 0.078801 0.078801 0.078801
v -0.304108 -0.001931 -0.720417 0.078801 0.078801 0.078801
f 3415 3416 3417 3418
v -0.354882 -0.001750 -0.718080 0.078801 0.078801 0.078801
v -0.356799 0.040704 -0.719839 0.078801 0.078801 0.078801
v -0.427062 0.030340 -0.732928 0.078801 0.078801 0.078801
v -0.425795 0.003802 -0.730520 0.078801 0.078801 0.078801
f 3419 3420 3421 3422
v -0.384342 0.190071 -1.078722 0.078801 0.078801 0.078801
v -0.388857 0.080028 -0.988449 0.078801 0.078801 0.078801
v -0.412533 0.104972 -0.969592 0.078801 0.078801 0.078801
f 3423 3424 3425
v -0.287035 0.114067 -0.843801 0.078801 0.078801 0.078801
v -0.258550 0.102130 -0.888951 0.078801 0.078801 0.078801
v -0.263292 0.131908 -0.923972 0.078801 0.078801 0.078801
v -0.284933 0.154049 -0.909798 0.078801 0.078801 0.078801
f 3426 3427 3428 3429
v -0.247264 0.070672 -0.885531 0.078801 0.078801 0.078801
v -0.257643 0.103994 -0.969928 0.078801 0.078801 0.078801
v -0.263292 0.131908 -0.923972 0.078801 0.078801 0.078801
v -0.258550 0.102130 -0.888951 0.078801 0.078801 0.078801
f 3430 3431 3432 3433
v -0.268955 0.190651 -1.083546 0.078801 0.078801 0.078801
v -0.257643 0.103994 -0.969928 0.078801 0.078801 0.078801
v -0.282921 0.079828 -0.991317 0.078801 0.078801 0.078801
f 3434 3435 3436
v -0.238258 0.009450 -0.904735 0.078801 0.078801 0.078801
v -0.282921 0.079828 -0.991317 0.078801 0.078801 0.078801
v -0.257643 0.103994 -0.969928 0.078801 0.078801 0.078801
v -0.247264 0.070672 -0.885531 0.078801 0.078801 0.078801
f 3437 3438 3439 3440
v -0.282921 0.079828 -0.991317 0.078801 0.078801 0.078801
v -0.238258 0.009450 -0.904735 0.078801 0.078801 0.078801
v -0.265279 0.002224 -0.878354 0.078801 0.078801 0.078801
f 3441 3442 3443
v -0.417445 0.036621 -0.838979 0.078801 0.078801 0.078801
v -0.399230 0.099693 -0.823112 0.078801 0.078801 0.078801
v -0.424454 0.104957 -0.886373 0.078801 0.078801 0.078801
v -0.433859 0.066594 -0.885877 0.078801 0.078801 0.078801
f 3444 3445 3446 3447
v -0.418700 -0.001681 -0.859942 0.078801 0.078801 0.078801
v -0.417445 0.036621 -0.838979 0.078801 0.078801 0.078801
v -0.433859 0.066594 -0.885877 0.078801 0.078801 0.078801
v -0.433191 0.009450 -0.904735 0.078801 0.078801 0.078801
f 3448 3449 3450 3451
v -0.399230 0.099693 -0.823112 0.078801 0.078801 0.078801
v -0.398005 0.150326 -0.912178 0.078801 0.078801 0.078801
v -0.418231 0.132926 -0.923766 0.078801 0.078801 0.078801
v -0.424454 0.104957 -0.886373 0.078801 0.078801 0.078801
f 3452 3453 3454 3455
v -0.433859 0.066594 -0.885877 0.078801 0.078801 0.078801
v -0.424454 0.104957 -0.886373 0.078801 0.078801 0.078801
v -0.418231 0.132926 -0.923766 0.078801 0.078801 0.078801
v -0.412533 0.104972 -0.969592 0.078801 0.078801 0.078801
f 3456 3457 3458 3459
v -0.433191 0.009450 -0.904735 0.078801 0.078801 0.078801
v -0.433859 0.066594 -0.885877 0.078801 0.078801 0.078801
v -0.412533 0.104972 -0.969592 0.078801 0.078801 0.078801
v -0.388857 0.080028 -0.988449 0.078801 0.078801 0.078801
f 3460 3461 3462 3463
v -0.388857 0.080028 -0.988449 0.078801 0.078801 0.078801
v -0.418700 -0.001681 -0.859942 0.078801 0.078801 0.078801
v -0.433191 0.009450 -0.904735 0.078801 0.078801 0.078801
f 3464 3465 3466
v -0.403896 0.679921 0.976870 0.078801 0.078801 0.078801
v -0.398892 0.473508 1.006400 0.078801 0.078801 0.078801
v -0.364145 0.482066 1.054307 0.078801 0.078801 0.078801
v -0.372015 0.683625 1.027953 0.078801 0.078801 0.078801
f 3467 3468 3469 3470
v -0.372015 0.683625 1.027953 0.078801 0.078801 0.078801
v -0.364145 0.482066 1.054307 0.078801 0.078801 0.078801
v -0.306349 0.488331 1.059832 0.078801 0.078801 0.078801
v -0.314995 0.687870 1.033007 0.078801 0.078801 0.078801
f 3471 3472 3473 3474
v -0.269448 0.684668 0.977930 0.078801 0.078801 0.078801
v -0.269139 0.477263 1.007368 0.078801 0.078801 0.078801
v -0.257678 0.476117 0.922167 0.078801 0.078801 0.078801
v -0.256206 0.675817 0.876666 0.078801 0.078801 0.078801
f 3475 3476 3477 3478
v -0.390363 0.678031 0.885395 0.078801 0.078801 0.078801
v -0.387363 0.476508 0.930735 0.078801 0.078801 0.078801
v -0.398892 0.473508 1.006400 0.078801 0.078801 0.078801
v -0.403896 0.679921 0.976870 0.078801 0.078801 0.078801
f 3479 3480 3481 3482
v -0.314995 0.687870 1.033007 0.078801 0.078801 0.078801
v -0.306349 0.488331 1.059832 0.078801 0.078801 0.078801
v -0.269139 0.477263 1.007368 0.078801 0.078801 0.078801
v -0.269448 0.684668 0.977930 0.078801 0.078801 0.078801
f 3483 3484 3485 3486
v -0.269139 0.477263 1.007368 0.078801 0.078801 0.078801
v -0.258070 0.233065 1.062867 0.078801 0.078801 0.078801
v -0.246854 0.217783 0.992728 0.078801 0.078801 0.078801
v -0.257678 0.476117 0.922167 0.078801 0.078801 0.078801
f 3487 3488 3489 3490
v -0.340316 0.483588 0.889727 0.078801 0.078801 0.078801
v -0.342190 0.213196 0.965664 0.078801 0.078801 0.078801
v -0.377958 0.219015 1.001201 0.078801 0.078801 0.078801
v -0.387363 0.476508 0.930735 0.078801 0.078801 0.078801
f 3491 3492 3493 3494
v -0.290059 0.486441 0.877100 0.078801 0.078801 0.078801
v -0.278676 0.212297 0.954182 0.078801 0.078801 0.078801
v -0.342190 0.213196 0.965664 0.078801 0.078801 0.078801
v -0.340316 0.483588 0.889727 0.078801 0.078801 0.078801
f 3495 3496 3497 3498
v -0.387363 0.476508 0.930735 0.078801 0.078801 0.078801
v -0.377958 0.219015 1.001201 0.078801 0.078801 0.078801
v -0.381448 0.229636 1.063515 0.078801 0.078801 0.078801
v -0.398892 0.473508 1.006400 0.078801 0.078801 0.078801
f 3499 3500 3501 3502
v -0.306349 0.488331 1.059832 0.078801 0.078801 0.078801
v -0.299897 0.263100 1.107866 0.078801 0.078801 0.078801
v -0.258070 0.233065 1.062867 0.078801 0.078801 0.078801
v -0.269139 0.477263 1.007368 0.078801 0.078801 0.078801
f 3503 3504 3505 3506
v -0.257678 0.476117 0.922167 0.078801 0.078801 0.078801
v -0.246854 0.217783 0.992728 0.078801 0.078801 0.078801
v -0.278676 0.212297 0.954182 0.078801 0.078801 0.078801
v -0.290059 0.486441 0.877100 0.078801 0.078801 0.078801
f 3507 3508 3509 3510
v -0.398892 0.473508 1.006400 0.078801 0.078801 0.078801
v -0.381448 0.229636 1.063515 0.078801 0.078801 0.078801
v -0.355678 0.254463 1.105430 0.078801 0.078801 0.078801
v -0.364145 0.482066 1.054307 0.078801 0.078801 0.078801
f 3511 3512 3513 3514
v -0.364145 0.482066 1.054307 0.078801 0.078801 0.078801
v -0.355678 0.254463 1.105430 0.078801 0.078801 0.078801
v -0.299897 0.263100 1.107866 0.078801 0.078801 0.078801
v -0.306349 0.488331 1.059832 0.078801 0.078801 0.078801
f 3515 3516 3517 3518
v -0.342190 0.213196 0.965664 0.078801 0.078801 0.078801
v -0.338332 0.052694 1.080233 0.078801 0.078801 0.078801
v -0.375753 0.061574 1.104713 0.078801 0.078801 0.078801
v -0.377958 0.219015 1.001201 0.078801 0.078801 0.078801
f 3519 3520 3521 3522
v -0.246854 0.217783 0.992728 0.078801 0.078801 0.078801
v -0.244431 0.061150 1.102136 0.078801 0.078801 0.078801
v -0.274360 0.052318 1.073287 0.078801 0.078801 0.078801
v -0.278676 0.212297 0.954182 0.078801 0.078801 0.078801
f 3523 3524 3525 3526
v -0.278676 0.212297 0.954182 0.078801 0.078801 0.078801
v -0.274360 0.052318 1.073287 0.078801 0.078801 0.078801
v -0.338332 0.052694 1.080233 0.078801 0.078801 0.078801
v -0.342190 0.213196 0.965664 0.078801 0.078801 0.078801
f 3527 3528 3529 3530
v -0.338332 0.052694 1.080233 0.078801 0.078801 0.078801
v -0.341383 0.001423 1.163387 0.078801 0.078801 0.078801
v -0.402832 0.001873 1.172560 0.078801 0.078801 0.078801
v -0.375753 0.061574 1.104713 0.078801 0.078801 0.078801
f 3531 3532 3533 3534
v -0.244431 0.061150 1.102136 0.078801 0.078801 0.078801
v -0.238065 0.001849 1.163588 0.078801 0.078801 0.078801
v -0.283545 0.001385 1.162131 0.078801 0.078801 0.078801
v -0.274360 0.052318 1.073287 0.078801 0.078801 0.078801
f 3535 3536 3537 3538
v -0.274360 0.052318 1.073287 0.078801 0.078801 0.078801
v -0.283545 0.001385 1.162131 0.078801 0.078801 0.078801
v -0.341383 0.001423 1.163387 0.078801 0.078801 0.078801
v -0.338332 0.052694 1.080233 0.078801 0.078801 0.078801
f 3539 3540 3541 3542
v -0.342933 -0.000477 1.228578 0.078801 0.078801 0.078801
v -0.345257 0.001087 1.346250 0.078801 0.078801 0.078801
v -0.433976 0.003073 1.334783 0.078801 0.078801 0.078801
v -0.425099 0.000181 1.254920 0.078801 0.078801 0.078801
f 3543 3544 3545 3546
v -0.233155 0.001278 1.236157 0.078801 0.078801 0.078801
v -0.233868 0.003030 1.332250 0.078801 0.078801 0.078801
v -0.281734 0.001051 1.344059 0.078801 0.078801 0.078801
v -0.287934 -0.000350 1.226408 0.078801 0.078801 0.078801
f 3547 3548 3549 3550
v -0.287934 -0.000350 1.226408 0.078801 0.078801 0.078801
v -0.281734 0.001051 1.344059 0.078801 0.078801 0.078801
v -0.345257 0.001087 1.346250 0.078801 0.078801 0.078801
v -0.342933 -0.000477 1.228578 0.078801 0.078801 0.078801
f 3551 3552 3553 3554
v -0.345257 0.056987 1.333481 0.078801 0.078801 0.078801
v -0.345257 0.112025 1.306023 0.078801 0.078801 0.078801
v -0.406783 0.086199 1.294884 0.078801 0.078801 0.078801
v -0.425167 0.049046 1.322343 0.078801 0.078801 0.078801
f 3555 3556 3557 3558
v -0.245453 0.048591 1.319805 0.078801 0.078801 0.078801
v -0.261061 0.085296 1.292347 0.078801 0.078801 0.078801
v -0.281734 0.112622 1.303829 0.078801 0.078801 0.078801
v -0.281734 0.057288 1.331287 0.078801 0.078801 0.078801
f 3559 3560 3561 3562
v -0.281734 0.057288 1.331287 0.078801 0.078801 0.078801
v -0.281734 0.112622 1.303829 0.078801 0.078801 0.078801
v -0.345257 0.112025 1.306023 0.078801 0.078801 0.078801
v -0.345257 0.056987 1.333481 0.078801 0.078801 0.078801
f 3563 3564 3565 3566
v -0.345257 0.112025 1.306023 0.078801 0.078801 0.078801
v -0.338946 0.143120 1.223787 0.078801 0.078801 0.078801
v -0.393513 0.114904 1.236096 0.078801 0.078801 0.078801
v -0.406783 0.086199 1.294884 0.078801 0.078801 0.078801
f 3567 3568 3569 3570
v -0.261061 0.085296 1.292347 0.078801 0.078801 0.078801
v -0.265914 0.120761 1.215494 0.078801 0.078801 0.078801
v -0.298305 0.144135 1.221731 0.078801 0.078801 0.078801
v -0.281734 0.112622 1.303829 0.078801 0.078801 0.078801
f 3571 3572 3573 3574
v -0.281734 0.112622 1.303829 0.078801 0.078801 0.078801
v -0.298305 0.144135 1.221731 0.078801 0.078801 0.078801
v -0.338946 0.143120 1.223787 0.078801 0.078801 0.078801
v -0.345257 0.112025 1.306023 0.078801 0.078801 0.078801
f 3575 3576 3577 3578
v -0.346682 0.182672 1.164799 0.078801 0.078801 0.078801
v -0.338946 0.143120 1.223787 0.078801 0.078801 0.078801
v -0.298305 0.144135 1.221731 0.078801 0.078801 0.078801
v -0.299502 0.187035 1.165542 0.078801 0.078801 0.078801
f 3579 3580 3581 3582
v -0.346682 0.182672 1.164799 0.078801 0.078801 0.078801
v -0.391466 0.163662 1.160817 0.078801 0.078801 0.078801
v -0.393513 0.114904 1.236096 0.078801 0.078801 0.078801
v -0.338946 0.143120 1.223787 0.078801 0.078801 0.078801
f 3583 3584 3585 3586
v -0.299502 0.187035 1.165542 0.078801 0.078801 0.078801
v -0.298305 0.144135 1.221731 0.078801 0.078801 0.078801
v -0.265914 0.120761 1.215494 0.078801 0.078801 0.078801
v -0.262172 0.169743 1.150522 0.078801 0.078801 0.078801
f 3587 3588 3589 3590
v -0.414229 0.051514 1.247392 0.078801 0.078801 0.078801
v -0.425167 0.049046 1.322343 0.078801 0.078801 0.078801
v -0.406783 0.086199 1.294884 0.078801 0.078801 0.078801
v -0.393513 0.114904 1.236096 0.078801 0.078801 0.078801
f 3591 3592 3593 3594
v -0.258070 0.233065 1.062867 0.078801 0.078801 0.078801
v -0.240974 0.142903 1.146173 0.078801 0.078801 0.078801
v -0.234014 0.104564 1.128412 0.078801 0.078801 0.078801
v -0.246854 0.217783 0.992728 0.078801 0.078801 0.078801
f 3595 3596 3597 3598
v -0.245453 0.048591 1.319805 0.078801 0.078801 0.078801
v -0.245156 0.056163 1.227749 0.078801 0.078801 0.078801
v -0.265914 0.120761 1.215494 0.078801 0.078801 0.078801
v -0.261061 0.085296 1.292347 0.078801 0.078801 0.078801
f 3599 3600 3601 3602
v -0.245156 0.056163 1.227749 0.078801 0.078801 0.078801
v -0.211351 0.063731 1.190546 0.078801 0.078801 0.078801
v -0.233494 0.088582 1.198820 0.078801 0.078801 0.078801
v -0.265914 0.120761 1.215494 0.078801 0.078801 0.078801
f 3603 3604 3605 3606
v -0.233155 0.001278 1.236157 0.078801 0.078801 0.078801
v -0.199349 0.004089 1.185417 0.078801 0.078801 0.078801
v -0.211351 0.063731 1.190546 0.078801 0.078801 0.078801
v -0.245156 0.056163 1.227749 0.078801 0.078801 0.078801
f 3607 3608 3609 3610
v -0.233868 0.003030 1.332250 0.078801 0.078801 0.078801
v -0.233155 0.001278 1.236157 0.078801 0.078801 0.078801
v -0.245156 0.056163 1.227749 0.078801 0.078801 0.078801
v -0.245453 0.048591 1.319805 0.078801 0.078801 0.078801
f 3611 3612 3613 3614
v -0.425099 0.000181 1.254920 0.078801 0.078801 0.078801
v -0.433976 0.003073 1.334783 0.078801 0.078801 0.078801
v -0.425167 0.049046 1.322343 0.078801 0.078801 0.078801
v -0.414229 0.051514 1.247392 0.078801 0.078801 0.078801
f 3615 3616 3617 3618
v -0.281734 0.001051 1.344059 0.078801 0.078801 0.078801
v -0.281734 0.057288 1.331287 0.078801 0.078801 0.078801
v -0.345257 0.056987 1.333481 0.078801 0.078801 0.078801
v -0.345257 0.001087 1.346250 0.078801 0.078801 0.078801
f 3619 3620 3621 3622
v -0.233868 0.003030 1.332250 0.078801 0.078801 0.078801
v -0.245453 0.048591 1.319805 0.078801 0.078801 0.078801
v -0.281734 0.057288 1.331287 0.078801 0.078801 0.078801
v -0.281734 0.001051 1.344059 0.078801 0.078801 0.078801
f 3623 3624 3625 3626
v -0.345257 0.001087 1.346250 0.078801 0.078801 0.078801
v -0.345257 0.056987 1.333481 0.078801 0.078801 0.078801
v -0.425167 0.049046 1.322343 0.078801 0.078801 0.078801
v -0.433976 0.003073 1.334783 0.078801 0.078801 0.078801
f 3627 3628 3629 3630
v -0.377958 0.219015 1.001201 0.078801 0.078801 0.078801
v -0.375753 0.061574 1.104713 0.078801 0.078801 0.078801
v -0.403696 0.102669 1.126248 0.078801 0.078801 0.078801
f 3631 3632 3633
v -0.265914 0.120761 1.215494 0.078801 0.078801 0.078801
v -0.233494 0.088582 1.198820 0.078801 0.078801 0.078801
v -0.240974 0.142903 1.146173 0.078801 0.078801 0.078801
v -0.262172 0.169743 1.150522 0.078801 0.078801 0.078801
f 3634 3635 3636 3637
v -0.299897 0.263100 1.107866 0.078801 0.078801 0.078801
v -0.299502 0.187035 1.165542 0.078801 0.078801 0.078801
v -0.262172 0.169743 1.150522 0.078801 0.078801 0.078801
v -0.258070 0.233065 1.062867 0.078801 0.078801 0.078801
f 3638 3639 3640 3641
v -0.246854 0.217783 0.992728 0.078801 0.078801 0.078801
v -0.234014 0.104564 1.128412 0.078801 0.078801 0.078801
v -0.244431 0.061150 1.102136 0.078801 0.078801 0.078801
f 3642 3643 3644
v -0.199349 0.004089 1.185417 0.078801 0.078801 0.078801
v -0.244431 0.061150 1.102136 0.078801 0.078801 0.078801
v -0.234014 0.104564 1.128412 0.078801 0.078801 0.078801
v -0.211351 0.063731 1.190546 0.078801 0.078801 0.078801
f 3645 3646 3647 3648
v -0.355678 0.254463 1.105430 0.078801 0.078801 0.078801
v -0.381448 0.229636 1.063515 0.078801 0.078801 0.078801
v -0.391466 0.163662 1.160817 0.078801 0.078801 0.078801
v -0.346682 0.182672 1.164799 0.078801 0.078801 0.078801
f 3649 3650 3651 3652
v -0.244431 0.061150 1.102136 0.078801 0.078801 0.078801
v -0.199349 0.004089 1.185417 0.078801 0.078801 0.078801
v -0.238065 0.001849 1.163588 0.078801 0.078801 0.078801
f 3653 3654 3655
v -0.414229 0.051514 1.247392 0.078801 0.078801 0.078801
v -0.393513 0.114904 1.236096 0.078801 0.078801 0.078801
v -0.422201 0.091233 1.200087 0.078801 0.078801 0.078801
v -0.442230 0.060655 1.191421 0.078801 0.078801 0.078801
f 3656 3657 3658 3659
v -0.425099 0.000181 1.254920 0.078801 0.078801 0.078801
v -0.414229 0.051514 1.247392 0.078801 0.078801 0.078801
v -0.442230 0.060655 1.191421 0.078801 0.078801 0.078801
v -0.443229 0.004089 1.185417 0.078801 0.078801 0.078801
f 3660 3661 3662 3663
v -0.393513 0.114904 1.236096 0.078801 0.078801 0.078801
v -0.391466 0.163662 1.160817 0.078801 0.078801 0.078801
v -0.403523 0.140014 1.146677 0.078801 0.078801 0.078801
v -0.422201 0.091233 1.200087 0.078801 0.078801 0.078801
f 3664 3665 3666 3667
v -0.355678 0.254463 1.105430 0.078801 0.078801 0.078801
v -0.346682 0.182672 1.164799 0.078801 0.078801 0.078801
v -0.299502 0.187035 1.165542 0.078801 0.078801 0.078801
v -0.299897 0.263100 1.107866 0.078801 0.078801 0.078801
f 3668 3669 3670 3671
v -0.443229 0.004089 1.185417 0.078801 0.078801 0.078801
v -0.442230 0.060655 1.191421 0.078801 0.078801 0.078801
v -0.403696 0.102669 1.126248 0.078801 0.078801 0.078801
v -0.375753 0.061574 1.104713 0.078801 0.078801 0.078801
f 3672 3673 3674 3675
v -0.375753 0.061574 1.104713 0.078801 0.078801 0.078801
v -0.402832 0.001873 1.172560 0.078801 0.078801 0.078801
v -0.443229 0.004089 1.185417 0.078801 0.078801 0.078801
f 3676 3677 3678
v -0.290059 0.486441 0.877100 0.078801 0.078801 0.078801
v -0.299730 0.675076 0.816512 0.078801 0.078801 0.078801
v -0.256206 0.675817 0.876666 0.078801 0.078801 0.078801
v -0.257678 0.476117 0.922167 0.078801 0.078801 0.078801
f 3679 3680 3681 3682
v -0.356772 0.679087 0.831443 0.078801 0.078801 0.078801
v -0.340316 0.483588 0.889727 0.078801 0.078801 0.078801
v -0.387363 0.476508 0.930735 0.078801 0.078801 0.078801
v -0.390363 0.678031 0.885395 0.078801 0.078801 0.078801
f 3683 3684 3685 3686
v -0.418231 0.132926 -0.923766 0.078801 0.078801 0.078801
v -0.396245 0.221949 -1.022160 0.078801 0.078801 0.078801
v -0.384342 0.190071 -1.078722 0.078801 0.078801 0.078801
v -0.412533 0.104972 -0.969592 0.078801 0.078801 0.078801
f 3687 3688 3689 3690
v -0.398005 0.150326 -0.912178 0.078801 0.078801 0.078801
v -0.399230 0.099693 -0.823112 0.078801 0.078801 0.078801
v -0.351308 0.153009 -0.835333 0.078801 0.078801 0.078801
v -0.357639 0.188371 -0.897151 0.078801 0.078801 0.078801
f 3691 3692 3693 3694
v -0.398005 0.150326 -0.912178 0.078801 0.078801 0.078801
v -0.396245 0.221949 -1.022160 0.078801 0.078801 0.078801
v -0.418231 0.132926 -0.923766 0.078801 0.078801 0.078801
f 3695 3696 3697
v -0.357639 0.188371 -0.897151 0.078801 0.078801 0.078801
v -0.351308 0.153009 -0.835333 0.078801 0.078801 0.078801
v -0.315596 0.154950 -0.837202 0.078801 0.078801 0.078801
v -0.316901 0.193199 -0.895293 0.078801 0.078801 0.078801
f 3698 3699 3700 3701
v -0.316901 0.193199 -0.895293 0.078801 0.078801 0.078801
v -0.315596 0.154950 -0.837202 0.078801 0.078801 0.078801
v -0.287035 0.114067 -0.843801 0.078801 0.078801 0.078801
v -0.284933 0.154049 -0.909798 0.078801 0.078801 0.078801
f 3702 3703 3704 3705
v -0.263292 0.131908 -0.923972 0.078801 0.078801 0.078801
v -0.280806 0.228061 -1.015445 0.078801 0.078801 0.078801
v -0.284933 0.154049 -0.909798 0.078801 0.078801 0.078801
f 3706 3707 3708
v -0.257643 0.103994 -0.969928 0.078801 0.078801 0.078801
v -0.268955 0.190651 -1.083546 0.078801 0.078801 0.078801
v -0.280806 0.228061 -1.015445 0.078801 0.078801 0.078801
v -0.263292 0.131908 -0.923972 0.078801 0.078801 0.078801
f 3709 3710 3711 3712
v -0.340316 0.483588 0.889727 0.078801 0.078801 0.078801
v -0.356772 0.679087 0.831443 0.078801 0.078801 0.078801
v -0.299730 0.675076 0.816512 0.078801 0.078801 0.078801
v -0.290059 0.486441 0.877100 0.078801 0.078801 0.078801
f 3713 3714 3715 3716
v -0.283545 0.001385 1.162131 0.078801 0.078801 0.078801
v -0.287934 -0.000350 1.226408 0.078801 0.078801 0.078801
v -0.342933 -0.000477 1.228578 0.078801 0.078801 0.078801
v -0.341383 0.001423 1.163387 0.078801 0.078801 0.078801
f 3717 3718 3719 3720
v -0.402832 0.001873 1.172560 0.078801 0.078801 0.078801
v -0.425099 0.000181 1.254920 0.078801 0.078801 0.078801
v -0.443229 0.004089 1.185417 0.078801 0.078801 0.078801
f 3721 3722 3723
v -0.341383 0.001423 1.163387 0.078801 0.078801 0.078801
v -0.342933 -0.000477 1.228578 0.078801 0.078801 0.078801
v -0.425099 0.000181 1.254920 0.078801 0.078801 0.078801
v -0.402832 0.001873 1.172560 0.078801 0.078801 0.078801
f 3724 3725 3726 3727
v -0.199349 0.004089 1.185417 0.078801 0.078801 0.078801
v -0.233155 0.001278 1.236157 0.078801 0.078801 0.078801
v -0.238065 0.001849 1.163588 0.078801 0.078801 0.078801
f 3728 3729 3730
v -0.238065 0.001849 1.163588 0.078801 0.078801 0.078801
v -0.233155 0.001278 1.236157 0.078801 0.078801 0.078801
v -0.287934 -0.000350 1.226408 0.078801 0.078801 0.078801
v -0.283545 0.001385 1.162131 0.078801 0.078801 0.078801
f 3731 3732 3733 3734
v -0.442230 0.060655 1.191421 0.078801 0.078801 0.078801
v -0.422201 0.091233 1.200087 0.078801 0.078801 0.078801
v -0.403523 0.140014 1.146677 0.078801 0.078801 0.078801
v -0.403696 0.102669 1.126248 0.078801 0.078801 0.078801
f 3735 3736 3737 3738
v -0.403523 0.140014 1.146677 0.078801 0.078801 0.078801
v -0.381448 0.229636 1.063515 0.078801 0.078801 0.078801
v -0.377958 0.219015 1.001201 0.078801 0.078801 0.078801
v -0.403696 0.102669 1.126248 0.078801 0.078801 0.078801
f 3739 3740 3741 3742
v -0.391466 0.163662 1.160817 0.078801 0.078801 0.078801
v -0.381448 0.229636 1.063515 0.078801 0.078801 0.078801
v -0.403523 0.140014 1.146677 0.078801 0.078801 0.078801
f 3743 3744 3745
v -0.240974 0.142903 1.146173 0.078801 0.078801 0.078801
v -0.258070 0.233065 1.062867 0.078801 0.078801 0.078801
v -0.262172 0.169743 1.150522 0.078801 0.078801 0.078801
f 3746 3747 3748
v -0.240974 0.142903 1.146173 0.078801 0.078801 0.078801
v -0.233494 0.088582 1.198820 0.078801 0.078801 0.078801
v -0.211351 0.063731 1.190546 0.078801 0.078801 0.078801
v -0.234014 0.104564 1.128412 0.078801 0.078801 0.078801
f 3749 3750 3751 3752
